index,name,gender
0,آبدار,f
1,عبيده,f
2,عبيره,f
3,آبش,f
4,ادب,f
5,ايده,f
6,عافية,f
7,عائلة,f
8,انا,f
9,آئرہ,f
10,اقفى,f
11,آلا,f
12,اليمه,f
13,اعمال,f
14,اميله,f
15,اميره,f
16,آنی فاطمه خاتون,f
17,انيسه,f
18,عقيله,f
19,عارفه,f
20,اسیمہ,f
21, اسماء,f
22,عتیق,f
23,اطرح,f
24,آبلوچ,f
25,ابننا,f
26,ابار,f
27,اباشش,f
28,باسه,f
29,ابداه,f
30,بضيقن,f
31,ابیھا,f
32,عبیرہ,f
33,ابھج,f
34,ابیا,f
35,عابدہ,f
36,عابرہ,f
37,ابلا,f
38,ابلاج,f
39,بقره,f
40,ابرج,f
41,أبرزهمنا,f
42,عبرود,f
43,اداب,f
44,عدارا,f
45,ادیبہ,f
46,عدیلہ,f
47,عدینہ,f
48,آدلہ,f
49,ادیبہ,f
50,عادلہ,f
51,ادیرا,f
52,عدلہ,f
53,عدرا,f
54,اعیرہ,f
55,عینا,f
56, عائشہ,f
57,عفاف,f
58,آفرین,f
59,عافرہ,f
60,عافية,f
61,عفیفہ,f
62,عافیہ,f
63,افكار,f
64,افلق,f
65,افراع,f
66,افرحہ,f
67,افریشم ,f
68,افروزہ,f
69,أفصى,f
70,افسر,f
71,افشاں,f
72,افسون,f
73,افتان,f
74,افزہ,f
75,افزوں,f
76,أغلى,f
77,اغغ,f
78,احد,f
79,أحذية,f
80,اہلالہ,f
81,أحلم,f
82,احمرین,f
83,آہو,f
84,احواد,f
85,عاہدہ,f
86,اعدہ,f
87,عائلہ,f
88,عائشہ,f
89,أغار,f
90,آئلہ,f
91,ایمن,f
92,اعینہ,f
93,نلسبا,f
94,آئینور,f
95, آئرہ,f
96,عائشہ,f
97,عائشہ,f
98,عائشہ,f
99,عائزہ,f
100,عجب,f
101,اجلہ,f
102,جراده,f
103,اکبری,f
104,اخلاقی,f
105,اختر,f
106,اخزاری,f
107,عكا,f
108,أقفى,f
109,عکیلا,f
110,اکیلا,f
111,اکنان,f
112,اعلہ,f
113,عالم,f
114,عالم افروز,f
115,الامیہ,f
116,علیہ,f
117,علسیہ,f
118,عالیمہ,f
119,علینہ,f
120,أليز,f
121,العشا,f
122,الغاعیہ,f
123,الحینہ,f
124,اعلیہ,f
125,علی بابا,f
126,الیہت,f
127,عالم,f
128,الينا,f
129,علیشہ,f
130,علشبہ,f
131,عالیہ,f
132,الاية,f
133,الجا,f
134,عليه,f
135,المیرا,f
136,علیہ,f
137,الماس,f
138,الماش,f
139,المیرا,f
140,المیرا,f
141,المیرا,f
142,المیری,f
143,النسا,f
144,الرز,f
145,الطیر,f
146,علُدرا,f
147,اليا,f
148,اليان,f
149,الزن,f
150,الزینا,f
151,الزُبرا,f
152,عمادہ,f
153,عمیدر,f
154,عمالہ,f
155,امامہ,f
156,امانہ,f
157,اماپولا,f
158,امتاُل,f
159,أمبر,f
160,عنبرین,f
161,عمبریلی,f
162,عمبریلی,f
163,امبرا,f
164,امینہ,f
165,امیر,f
166,امیرہ,f
167,عملية,f
168,امیرہ,f
169,أمله,f
170,آمنہ,f
171,أمينه,f
172,امیرہ,f
173,عاملہ,f
174,املہ,f
175,أمرا,f
176,امّتال,f
177,منجن,f
178,عمورہ,f
179,امرحہ,f
180,أمسح,f
181,امثالہ,f
182,امیرا,f
183,انا,f
184,انابیہ,f
185,انہتا,f
186,انعم,f
187,آنسہ,f
188,أنت,f
189,انبار,f
190,عندلیب,f
191,انیقہ,f
192,انیسہ,f
193,عنيزه,f
194,انجبين,f
195,آنیہ,f
196,انیلا,f
197,انیسہ,f
198,عنيزه,f
199,انجم,f
200,انمار,f
201,انیسا,f
202,أنوش,f
203,انوشے,f
204,انسام,f
205,انعم,f
206,انوار,f
207,أنوار,f
208,انورل,f
209,انيا,f
210,انزیلہ,f
211,عقیلہ,f
212,عاقلہ,f
213,قلمه,f
214,آرا,f
215,أرام,f
216,عرج,f
217,عرازہ,f
218,أريبا,f
219,عریفہ,f
220,عرینہ,f
221,عرتا,f
222,ارفعہ,f
223,ارغوان,f
224,اریبہ,f
225,عارفہ,f
226,عارمہ,f
227,عريسا,f
228,ارما,f
229,آرمیتی,f
230,ارمين,f
231,عروبہ,f
232,عروس,f
233,عروسه,f
234,عروب,f
235,عرش,f
236,ارشمع,f
237,عرشیہ,f
238,آرتپنا,f
239,عروبا,f
240,عروسہ,f
241,أرواح,f
242,عريسها,f
243,آرڑو,f
244,اسا,f
245,اسدہ,f
246,اصل,f
247,آسرہ,f
248,أصيلة,f
249,اسیما,f
250,آصفیہ,f
251,اصفُرہ,f
252,عائشہ,f
253,سحالينا,f
254,عشیقہ,f
255,اشک,f
256,عائشہ,f
257,عاشرہ,f
258,اشوک,f
259,اشتلفہ,f
260,عشوہ,f
261,اشیا,f
262,آسیا,f
263,آسیانی,f
264,آصفہ,f
265,اسیمہ,f
266,آسیہ,f
267,اصقہ,f
268,اسماﺀ,f
269,اسما,f
270,اسما,f
271,أصمت,f
272,عاصمہ,f
273,اصنام,f
274,اثرہ,f
275,أسرية,f
276,استا,f
277,استوبان,f
278,اسکنا,f
279,اطالہ,f
280,اطارت,f
281,عطبل ,f
282,أطيقه,f
283,اطہرہ,f
284,أذله,f
285,عظمه,f
286,عاطفہ,f
287,عاتکہ,f
288,عطیقہ,f
289,اتیرہ,f
290,اعتلہ,f
291,عطموس,f
292,اتقا,f
293,اطرہ,f
294,اتفہ,f
295,اتردوخت,f
296,أطياف,f
297,اورا,f
298,اوا,f
299,آویزہ,f
300,عودہ,f
301,اوالہ,f
302,آویز,f
303,أيات,f
304,عیان,f
305,آیاننا,f
306,ایدا,f
307,عائشہ,f
308,عائشہ,f
309, عائشہ,f
310,عائشہ,f
311,عائشہ,f
312,عائشہ کنول,f
313,عائشہ صدیقہ,f
314,عائشہ,f
315,عائشہ,f
316,ايرا,f
317,عائشہ,f
318,از زہرا,f
319,آزادی,f
320,أزاح,f
321,ازالہ,f
322,اذین,f
323,عزیزہ,f
324,اذفرین,f
325,ازہر,f
326,أزمان,f
327,ازیتا,f
328,اذک,f
329,عاذلہ,f
330,ازمہ,f
331,ازملہ,f
332,عضرا,f
333,آزکنا,f
334,آزثنا,f
335,عزا,f
336,عزیزا,f
337,باسمہ,f
338,بابرہ,f
339,بدي,f
340,بدور,f
341,بدیہ,f
342,بدل,f
343,بدر,f
344,بدریا,f
345,بدرییہ,f
346,باها,f
347,بہامین,f
348,بہار,f
349,بہاریں,f
350,بحیرہ,f
351,باهيا,f
352,بهيجة,f
353,بھیرا,f
354,بہیہ,f
355,بہیہ,f
356,بهيه,f
357,بیگم,f
358,بجالت,f
359,بكره,f
360,بخِت,f
361,بخت,f
362,بخطورة,f
363,باکرہ,f
364,بالبالا,f
365,بلقیس,f
366,بنفسج,f
367,بنفشہ,f
368,بےنظیر,f
369,بندیا,f
370,بانو,f
371,بنُوج,f
372,باؤدیھ,f
373,باقرہ,f
374, براعا,f
375,برايم,f
376,بارات,f
377,برین,f
378,بريرة,f
379,بريه,f
380,بريقا,f
381,بارندہ,f
382,باريراه,f
383,برجاء,f
384,برکہ,f
385,باركها,f
386,بره,f
387,برسالة,f
388,بسارة,f
389,بسن,f
390,بسیمہ,f
391,باسمه,f
392,بشارت,f
393,بشیرا,f
394,بشیرہ,f
395,بشنین,f
396,بصیلاح,f
397,بسیمہ,f
398,بصيرة,f
399,باسقہ,f
400,باسمہ,f
401,بسمت,f
402,بسّم,f
403,باسطہ,f
404,بتہشیرا,f
405,باتنة,f
406,بتول,f
407,باتريسيا,f
408,بتولہ,f
409,بايان,f
410,بيسان,f
411,بازغة,f
412,بازف,f
413,بزم آرا,f
414,بزرقة,f
415,بیچارا,f
416,بینا,f
417,بیتا,f
418,بیگم,f
419,بہناز,f
420,بنازير,f
421,بینش,f
422,برزرا,f
423,بركة,f
424,بتول,f
425,بیلہ,f
426,بییبنہ,f
427,بیدہ,f
428,بلقیس,f
429,بلتی ,f
430,بنعيش,f
431,بيسار,f
432,بسمہ,f
433,بيسمال,f
434,بیتا,f
435,بوا,f
436,بُختار,f
437,بوسے,f
438,بهيه,f
439,بهذه,f
440,بُلبُل,f
441,بونیتا,f
442,بُرت,f
443,بُرُ,f
444,برزنکرش,f
445,بصيره,f
446,بوسر,f
447,بوسطن,f
448,بتھینا,f
449,بذلہ,f
450,کیلی,f
451,کلہ,f
452,کمیلہ,f
453,کنترا,f
454,کارمہ,f
455,کرنا,f
456,کمل,f
457,شاديا,f
458,شفيقة,f
459,چہر زاد,f
460, شهرزاد,f
461,چمن آرا,f
462,چمکیلی,f
463,چنا,f
464,چاند,f
465,چندا,f
466,چاندنی,f
467,چاشین,f
468,چاشنی,f
469,چہرازاد,f
470,چیریں,f
471,چراغ بی بی ,f
472,کیرا,f
473,دبستان,f
474,دینہ,f
475,دافعية,f
476,دہاب,f
477,ديبا,f
478,دائمہ,f
479,داعصہ,f
480,دلیہ,f
481,دلیہ,f
482,دماس,f
483,دمی,f
484,دمینا,f
485,دمسہ,f
486,دانیا,f
487,دارا,f
488,دردانہ,f
489,ضارية,f
490,درخشندا,f
491,دروج,f
492,داره,f
493,دریا,f
494,دشتگنی,f
495,دستر,f
496,دولتخت,f
497,ضيفه,f
498,دیبا,f
499,دینا,f
500,دلارام,f
501,دل کش,f
502,دیناء,f
503,ذاكرة,f
504,دھاکیا,f
505,دُھا,f
506,دیبا,f
507,دل آرام,f
508,دل کشا,f
509,دلافروز,f
510,دلآراء,f
511,ذلكش,f
512,دلرُبا,f
513,دلشاد,f
514,دینہ,f
515,دعوة,f
516,دينه,f
517,دجيملا,f
518,ضحى,f
519,دوری,f
520,دنيا,f
521,دوحہ,f
522,دونيا,f
523,دنيانا,f
524,دردانہ,f
525,دردنة,f
526,دورر,f
527,درّہ,f
528,دوريه,f
529,دورية,f
530,احترام,f
531,إليه,f
532,ایمان,f
533,علاہ,f
534,الہام,f
535,العشا,f
536,المیرا,f
537,المیریہ,f
538,المیرا,f
539,المیرا,f
540,المیریہ,f
541,المیرا,f
542,الناز,f
543,إيميلي,f
544,امنة,f
545,یردھوا,f
546,یرشوا,f
547,یرزیشا,f
548,رمينا,f
549,عشال,f
550,عیسے,f
551,عیستا,f
552,عیستر,f
553,عتتی,f
554,عتتے,f
555,ایواز,f
556,فاغھرا,f
557,فاخرہ,f
558,فاكره,f
559,فارهة,f
560,فاطمہ,f
561,فاتینا,f
562,فظل,f
563,فدھیلا,f
564,فضيلة,f
565,فادیہ,f
566,فدہیلہ,f
567,فاضيه,f
568,فاديا,f
569,فاعئقا,f
570,فاغر,f
571,فهده,f
572,فہیمہ,f
573,فهمت,f
574,فہیما,f
575,فہمہب,f
576,فحمد,f
577,فائدہ,f
578,فیہ,f
579,فائقا,f
580,فیتانہ,f
581,فيروزة,f
582,فیروزہ,f
583,فيروزة,f
584,فائزہ,f
585,فاجر,f
586,فقيهة,f
587,فاخرہ,f
588,فاخرا,f
589,فخريه,f
590,فاختا,f
591,فاکہہ,f
592,فلاحة,f
593,فالكرة,f
594,فالقناز,f
595,فالحه,f
596,فالعيش,f
597,فنان,f
598,فانیلہ,f
599,فقيها,f
600,فقيره,f
601,فاريل,f
602,فرح,f
603,فرحناز,f
604,فرانک,f
605,فارانی,f
606,فري,f
607,فریدہ,f
608,فریحہ,f
609,فارہہ,f
610,فرهاد,f
611,فرحانہ,f
612,فرحت,f
613,فارهي,f
614,فارعہ,f
615,فاریعہ,f
616,فریدہ,f
617,فریدہ,f
618,فارقہ,f
619,فريزا,f
620, فرجمند,f
621,فرخندہ,f
622,فرخوندۂ,f
623,فرناز,f
624,پھریں,f
625,فروة,f
626,فریال,f
627,فرزان,f
628,فرزانہ,f
629,فسہا,f
630,فصيله,f
631,فصیحہ,f
632,فاصلہ,f
633,فتاحہ,f
634,فتیحہ,f
635,فاتيما,f
636,فاتن,f
637,فاتحیہ,f
638,فتحیہ,f
639,فاتکہ,f
640,فاطمہ,f
641,فاطمہ ظہرہ ,f
642,فاطمی,f
643,فاطنہ,f
644,فتنة,f
645,فقيه,f
646,فوهة,f
647,فوزى,f
648,فوزية,f
649, فوزيه,f
650,فوزیہ,f
651,فائدہ,f
652,فينا,f
653,فیروز,f
654,فازا,f
655,فضیلہ,f
656,فزراﺀ,f
657,فیھا,f
658,فیعضا,f
659,فتعین,f
660,فہمیدہ,f
661,فیلاہ,f
662,فریشتہ,f
663,فرحین,f
664,فیروزہ,f
665,فضہ,f
666,فددہ,f
667,فكريه,f
668,فیلا,f
669,فرصه,f
670,فردوس,f
671,فردوس,f
672,فردوسی,f
673,فیروزہ,f
674,فضا,f
675,فزہ,f
676,فضا,f
677,فوجن,f
678,فوروغ,f
679,فیروزندہ,f
680,فوزھن,f
681,فرع,f
682,فراسستی,f
683,فراتما,f
684,فریاشتی,f
685,فوضى,f
686,فکینا,f
687,فنون,f
688,فرت,f
689,فُرہت,f
690,فصيله,f
691,فوتون,f
692,جبريل,f
693,غلیلا,f
694,جامال,f
695,گنیمنوئی,f
696,گیجینہ بیگم ,f
697,گردہ,f
698,گوہر,f
699,جاذبية,f
700,گلاره,f
701,گیتی آفرین,f
702,غدا,f
703,غدہ,f
704,غادیہ,f
705,غدیرہ,f
706,غیبہ,f
707,غلیم,f
708,غالیہ,f
709,غمامہ,f
710,غامزا,f
711,غنا,f
712,غانیہ,f
713,غانیه,f
714,غیری,f
715,غاشیہ,f
716,غسسدک,f
717,غیدہ,f
718,غزالہ,f
719,غزال رعنا,f
720,غزالہ,f
721,غزبیلہ,f
722,غازيه,f
723,غيبته,f
724,غزلان,f
725,گھونچہ,f
726,غوتي,f
727,غاطیہ,f
728,غوميس,f
729,غنچہ,f
730,غرّا,f
731,غسون,f
732,غُسن,f
733,جهوزية,f
734,گیتا,f
735,گوہر بار,f
736,گولی,f
737,گلناز,f
738,گوردیا,f
739,جرانة,f
740,گبرگہ,f
741,گیتا,f
742,گل,f
743,گل افشاں ,f
744,گل انداز,f
745,گل عذرا,f
746,گل رانا,f
747,گل خندہ,f
748,گل نین,f
749,گل رعنا ,f
750,گل صنوبر,f
751,گلاب,f
752,گلالہ,f
753,جلالي,f
754,گلباشم,f
755,گلیں,f
756,گلنار,f
757,گلستان,f
758,گلجانہ,f
759,گلناز,f
760,گلرنگ,f
761,گلرخ,f
762,گلشن,f
763,گلزار,f
764,جوزيدا,f
765,ہادیہ,f
766,هاجر,f
767,ہالا,f
768,حالمه,f
769,حارثه,f
770,حبابہ,f
771,حبیبہ,f
772,حبیبہ,f
773,حبیبہ,f
774,حبور,f
775,حادہ,f
776,ہدایت,f
777,هديل,f
778,هديه,f
779,حدیقہ,f
780,ہادیہ,f
781,ہدیا,f
782,ہائیدہ,f
783,حفیظہ,f
784,حفيدة,f
785,حافظہ,f
786,حافرہ,f
787,حفصہ,f
788,حفتھاہ,f
789,هاجير,f
790,ہائلہ,f
791,ہیجمن,f
792,حائقہ,f
793,حجر,f
794,حاجبہ,f
795,ہاجرہ,f
796,هاجنا,f
797,حجرہ,f
798,حکیما,f
799,حاکمہ,f
800,ہالہ,f
801,حلیمہ,f
802,حاليا,f
803,حلیمہ,f
804,ہلیت,f
805,حمیرا,f
806,حمامه,f
807,حمایت,f
808,حمديه,f
809,حمیدہ,f
810,حامدہ,f
811,حمیدہ,f
812,همنا,f
813,حمرا,f
814,حنا,f
815,حناع,f
816,حنان,f
817,حنفى,f
818,ہانیہ بانو,f
819,حنیفہ,f
820,ہانیہ,f
821,هنا,f
822,حنون,f
823,ہنیم,f
824,حقیقت,f
825,حریم,f
826,حارث,f
827,حرمہ,f
828,حارثہ,f
829,ہروسپاگاہ,f
830,حسنا,f
831,حسیمہ,f
832,حسيناه,f
833,ہاشمہ,f
834,حسيبة,f
835,حصيفة,f
836,حسین,f
837,حسینہ,f
838,حُسنہ,f
839,حسانا,f
840,ہستی,f
841,ہتیفی,f
842,حجامت,f
843,حوا,f
844,حوده,f
845, هوية,f
846,حورة,f
847,ہیام,f
848,هايام,f
849,هايد,f
850,حیفا,f
851,حیی,f
852,هايد,f
853,ہضیم,f
854,هزيمة,f
855,حاذقہ,f
856,ہزیرہ بانو,f
857,حبا,f
858,هدايا,f
859,حيلة,f
860,حنا,f
861,هلي,f
862,حليمة,f
863,هنا,f
864,ہستر,f
865,ہتتی,f
866,هيام,f
867,ہبہ,f
868,ہیبت الله,f
869,هيبه,f
870,هديه,f
871,هجرة,f
872,حكمت,f
873,هيلا,f
874,حنا,f
875,ہند,f
876,حنا,f
877,حيره,f
878,ہتتی,f
879,حامیہ,f
880,حُما,f
881,حور,f
882,حورية,f
883,حور العین,f
884,حوریہ,f
885,هود,f
886,هويام,f
887,حبيشة,f
888,ہدیٰ,f
889,حجمه,f
890,حجيرة,f
891,حكيمه,f
892,هوليه,f
893,حما,f
894,حميدة,f
895,حميرا,f
896,حميرة,f
897,حمیرہ,f
898,حمرا,f
899,ہونیدہ,f
900,حرة,f
901,ہروا,f
902,حورية,f
903,حُریہ,f
904,حورية,f
905,حسين,f
906,حُسن,f
907,حسي,f
908,هشيما,f
909,حسن آرا,f
910,حسنہ,f
911,حسنية,f
912,هوتاف,f
913,هويدة,f
914,لمر,f
915,عبده,f
916,عبدا,f
917,إبريز,f
918, ابتسام,f
919,ابتہاج,f
920,ابتهل,f
921,إبتسم,f
922,عذر,f
923,عائشہ,f
924,عائشہ,f
925,عائشہ,f
926,عائشہ,f
927,لیشاہ,f
928,لیشاہ,f
929,عفا,f
930,عفت,f
931,افراح,f
932,فتنا,f
933,إيحاء,f
934,إجلال,f
935,إكليل,f
936,اکرام,f
937,الہام,f
938,علم,f
939,ایمان,f
940,امروزیہ,f
941,امتیاز,f
942,إمتنان,f
943,امتیتھال,f
944,انعام,f
945,انعام,f
946,انس,f
947,عنایہ,f
948,انجلا,f
949,إنسية,f
950,انتصار,f
951,إنتصارات,f
952,اقالہ,f
953,يقلص,f
954,إرادة,f
955,يرام,f
956,ایران-دوخت,f
957,عرفانہ,f
958,ارشاد,f
959,اسد,f
960,يسار,f
961,عشنا,f
962,إشراق,f
963,إصلاح,f
964,إسمح,f
965,اسود,f
966,عصام,f
967,عتاب,f
968,يثار,f
969,عطرة,f
970,ازاحت,f
971,ازدیہار,f
972,عظمة,f
973,عزت,f
974,جبالہ,f
975,جبیں,f
976,جدا,f
977,جديدة,f
978,جائدا,f
979,جہاں,f
980,جہان خاتون,f
981,جہاں باں,f
982,جاهدا,f
983,جائی,f
984,جیدے,f
985,جائشہ,f
986,جلاء,f
987,جلیلہ,f
988,جليسه,f
989,جلیلہ,f
990,جالسان,f
991,جمیمہ,f
992,جمالہ,f
993,جمیلہ,f
994,جميع,f
995,جمیلہ,f
996,جمیلہ,f
997,جمیلے,f
998,جانا,f
999, جنان,f
1000,جنا,f
1001,جنت,f
1002,جرینا,f
1003,جاریہ,f
1004,جزين,f
1005,جسمین,f
1006,جسمینا,f
1007,جسمین,f
1008,جسمین,f
1009,جاذبية,f
1010,جفرا,f
1011,جواہر,f
1012,جواہر,f
1013,جودة,f
1014,جوہرہ,f
1015,جیدرا,f
1016,جازبہ,f
1017,جاذبية,f
1018,جسمین,f
1019,جسمین,f
1020,جین,f
1021,جہاں,f
1022,جمیمہ,f
1023,جننا,f
1024,جیس,f
1025,جسمین,f
1026,جزين,f
1027,جسمین,f
1028,جيان,f
1029,جہاں,f
1030,جينا,f
1031,جوھانا,f
1032, جوهي,f
1033,جوودي,f
1034,جوائس,f
1035,جدامه,f
1036,جگن,f
1037,جهينه,f
1038,جومانا,f
1039,جومان,f
1040,جُمانہ,f
1041,جوناه,f
1042,جنة,f
1043,جوري,f
1044,جووان,f
1045,جوريه,f
1046,جويرية,f
1047,کاملہ,f
1048,كبشة,f
1049,کبیرہ,f
1050,كبشة,f
1051, قادرة,f
1052,کافلہ,f
1053,کحیلہ,f
1054,کاعب,f
1055,كيفية,f
1056,کائنہ,f
1057,كقول,f
1058,کلیمہ,f
1059,کیلی,f
1060,کلیما,f
1061,کلیہ,f
1062,كالسام,f
1063,كلثم,f
1064,کلین,f
1065,کمالہ,f
1066,كمالية,f
1067,کاملہ,f
1068,کمیلا,f
1069,کملا,f
1070,کامنہ,f
1071,کمرا,f
1072,كنيز,f
1073,کنیا,f
1074,كانفال,f
1075,کنولن نین,f
1076,كانزا,f
1077,كرم,f
1078,كروان,f
1079,قرضاوية,f
1080,کریمہ,f
1081,کریدہ,f
1082,کریمہ,f
1083,كارما,f
1084,کشف,f
1085,کشفیہ,f
1086,کاشفہ,f
1087,کاشرہ,f
1088,قشدة,f
1089,کاثرہ,f
1090,کاثمہ,f
1091,کثوم,f
1092,کستوری,f
1093,کاتایوں,f
1094,كوكب,f
1095,كوتر,f
1096,کیلی,f
1097,کاظمہ,f
1098,کاشا,f
1099,کنوی,f
1100,خالدہ,f
1101,خاتون,f
1102,خدیجہ,f
1103,خضرة,f
1104,خائلہ,f
1105,خيرا,f
1106,خيرات,f
1107,خیرالوریٰ,f
1108,خكشا,f
1109,خالصه,f
1110,خالدہ,f
1111,خلیقہ,f
1112,خالیصہ,f
1113,خان زادی,f
1114,خاندان,f
1115,خانم,f
1116,خبري,f
1117,خر,f
1118,خشر,f
1119,خشيف,f
1120,خصيبة,f
1121,خاطرة,f
1122,خاطبہ,f
1123,خاتون,f
1124,خولة,f
1125,خولہ,f
1126,خيره,f
1127,خيرية,f
1128,خزانة,f
1129,خیزران,f
1130,خضره,f
1131,خيراد,f
1132,خيتام,f
1133,کھوجسسطح,f
1134,خشبخة,f
1135,خوباں,f
1136,خضرة,f
1137,خليدة,f
1138,خليبة,f
1139,خلود,f
1140,خنان,f
1141,خنداں ,f
1142,خنشاﺀ,f
1143,خورشید,f
1144,خوش بخت,f
1145,خوش گل,f
1146,خوشنودہ,f
1147,خويلة,f
1148,خواہر,f
1149,كيفاه,f
1150,كنانة,f
1151,کرن,f
1152,کوبرا,f
1153,کوہنور,f
1154,کوکب,f
1155,کومل,f
1156,کورالیہ,f
1157,قورينا,f
1158,کوشیہ,f
1159,كويسه,f
1160,كيبة,f
1161,کبریا,f
1162,كحيله,f
1163,كولوس,f
1164,كونزا,f
1165,كيدا,f
1166,كينا,f
1167,لبانه,f
1168,لبیقہ,f
1169,لبیبہ,f
1170,لدن,f
1171,لاحفہ,f
1172,لہیہ,f
1173,لعبه,f
1174,لايل,f
1175,لیلا,f
1176,لیلہ,f
1177,لائقہ,f
1178,لکیسیہ,f
1179,لکایشا,f
1180,لکایشا,f
1181,لکیسیہ,f
1182,لکتہ,f
1183,لالہ رخ,f
1184,للیتا,f
1185,لامعہ,f
1186,لامیہ,f
1187,لميس,f
1188,لمیا,f
1189,لانا,f
1190,لانكا,f
1191,لقا,f
1192,لاریب,f
1193,لاثانی,f
1194,لصيف,f
1195,لطیفہ,f
1196,لطیفہ,f
1197,لطیمہ,f
1198,لوحظ,f
1199,لیلی,f
1200,لينا,f
1201,لیلی,f
1202,لازيم,f
1203,لی,f
1204,لیلہ,f
1205,لينا,f
1206,لیلہ,f
1207,لیلی,f
1208,لکیشا,f
1209,لیلہ,f
1210,لیلہ,f
1211,لایشہ,f
1212,ليبا,f
1213,لیلہ,f
1214,لیلی,f
1215,لِلیاں,f
1216,لیلہ,f
1217,للی,f
1218,لینتا,f
1219,لیزا,f
1220,لوعلو,f
1221,لوسندہ,f
1222,لبابہ,f
1223,لبابہ,f
1224,لبنى,f
1225,لبنیٰ,f
1226,لوجى,f
1227,لوجين,f
1228,لولوہ,f
1229,لمیا,f
1230,لونه,f
1231,لوتف,f
1232,لتفيا,f
1233,لتفییا,f
1234,لیلہ,f
1235,لین,f
1236,ماس سما,f
1237,مآب,f
1238,مہجبیں,f
1239,معصومہ,f
1240,مبروك,f
1241,مدنية,f
1242,مدیحہ,f
1243,مدحت,f
1244,مدیحہ,f
1245,مگدا,f
1246,ماہ بانو,f
1247,ماہ لقا,f
1248,ماہ پیکر,f
1249,ماہ طلعت,f
1250,محبه,f
1251,محالہ,f
1252,مہلیہ,f
1253,مہستی,f
1254,محبوبی,f
1255,محبوب,f
1256,مہببے,f
1257,مهدية,f
1258,مہدوخت,f
1259,ماہینہ,f
1260,محالیہ,f
1261,محفوظة,f
1262,مهيبة,f
1263,ماہرہ,f
1264,مہلآغا,f
1265,محمودی,f
1266,محمدی,f
1267,مہناز,f
1268,ماہ نور,f
1269,مہر انگیز,f
1270,مہر نگار,f
1271,ماہ رو,f
1272,مهروسه,f
1273,ماہ رخ,f
1274,مہشید,f
1275,مہتا,f
1276,مہتاب,f
1277,مہوش,f
1278,مهزلة,f
1279, میمونہ,f
1280,میمنہ,f
1281,میسا,f
1282,ماعیسہ,f
1283,ميسره,f
1284,ميسورة,f
1285,ماجہ,f
1286,مجدية,f
1287,مجیدہ,f
1288, ماجدہ,f
1289,مکارم,f
1290,مخدومہ,f
1291,ماخرہ,f
1292,مختونة,f
1293,مالا,f
1294,ملاحہ,f
1295,ملک,f
1296,ملکہ,f
1297,ملیحہ,f
1298,ملیہہ,f
1299,ملکہ,f
1300,مالمال,f
1301,منا,f
1302,منار,f
1303,مناہل,f
1304, منال,f
1305,منارا,f
1306,منارا,f
1307,مندانا,f
1308,مانيل,f
1309,مانها,f
1310,منحالہ,f
1311,منزہہ,f
1312,منصوره,f
1313,منظور,f
1314,مقصودہ,f
1315,ماراب,f
1316,مرم,f
1317,مرضيه,f
1318,مریلا,f
1319,مارغوبا,f
1320,مریم,f
1321,مريضه,f
1322,مریحہ,f
1323, مرت,f
1324,ماریہ,f
1325,مرجانہ,f
1326,مرمر,f
1327,مرمرین,f
1328,مارسیا,f
1329,مرتیلہ,f
1330,مارت,f
1331,مارت,f
1332,مرتی,f
1333,مرتنی,f
1334,مرتے,f
1335,مرتینے,f
1336,معروف,f
1337,مروارید,f
1338,مروارید,f
1339,مریم بتول,f
1340,مریم نور,f
1341,ميرذيا,f
1342,مرزوقة,f
1343,مصابيح,f
1344,مساهير,f
1345,مشیرہ,f
1346,مشہودہ,f
1347,مشکورہ,f
1348,مسیا,f
1349,ماثرہ,f
1350,ماثلہ,f
1351,مسماﺀ,f
1352,مسعودہ,f
1353,ماسون,f
1354,مسعودا,f
1355,مسرور,f
1356,مستانی,f
1357,مستور,f
1358,مصتُرا,f
1359,مسعودہ,f
1360,متاع,f
1361,متین,f
1362,مطلوب,f
1363,مٹٰی,f
1364,مودة,f
1365,موضه,f
1366,مؤہب,f
1367,مورا,f
1368,موهوبة,f
1369,معاویہ,f
1370,موصوفة,f
1371,مایہ,f
1372,ميدا,f
1373,ميمونة,f
1374,مايس,f
1375,میساع,f
1376,مايسام,f
1377,میسوں,f
1378,میسُن,f
1379,میدہ,f
1380,مزیلہ,f
1381,مزيعه,f
1382,مینتونہ,f
1383,مینا,f
1384,میرم,f
1385,مہ,f
1386,محالہ,f
1387,مہر النساﺀ,f
1388,مهند,f
1389,مہرانگز,f
1390,مهرش,f
1391,مہرے,f
1392,مہوش,f
1393,میمونہ,f
1394,میرا,f
1395,مرجان,f
1396,مروة,f
1397,میشیہ,f
1398,مدھا,f
1399,مهري,f
1400,مینا,f
1401,منها,f
1402,میرا,f
1403,میرہ,f
1404,مریم,f
1405,مصباح,f
1406,مشعل,f
1407,مترا,f
1408,محادثة,f
1409,محيصة,f
1410,محسنة,f
1411,مونا,f
1412,مُنیر,f
1413,منيرة,f
1414,مُنیر,f
1415,مومل,f
1416,مفيدة,f
1417,موئنہ,f
1418,موزھدہ,f
1419,مسرت,f
1420,ماذا,f
1421,معزز,f
1422,مبارکہ,f
1423,مُبارک,f
1424,مباشره,f
1425,مباششرة,f
1426,مبین,f
1427,مبينه,f
1428,ميره,f
1429,معفية,f
1430,مغزاه,f
1431,مغيره,f
1432,محاربة,f
1433,موهبه,f
1434,مُہجہ,f
1435, محسنه,f
1436,ميزة,f
1437,مجاہدہ,f
1438,مجیرہ,f
1439,مكرمة,f
1440,مليكة,f
1441,مميز,f
1442,ممتاز,f
1443,منحہ,f
1444,منوّرہ,f
1445,منیرا,f
1446,منيره,f
1447,منیبہ,f
1448,منیرہ,f
1449,منيسى,f
1450,منجية,f
1451,منتهي,f
1452,مقدس,f
1453,مقدسہ,f
1454,مقبله,f
1455,مریل,f
1456,مرجانه,f
1457,مرشده,f
1458,مسدس,f
1459,مصدقه,f
1460,مسارات,f
1461,موسوعة,f
1462,مثیل,f
1463,مشفقہ,f
1464,مشرف,f
1465,مشيرا,f
1466,مشتری,f
1467,موسيقاه,f
1468,مسکان,f
1469,موسن,f
1470,مصرية,f
1471,مستہی,f
1472,مطهرة,f
1473,مطربہ,f
1474,متھرا,f
1475,مطیبہ,f
1476,ميسر,f
1477,مزينه,f
1478,مزينه,f
1479,مزناہ,f
1480, میشا,f
1481,میرا,f
1482,نادہرہ,f
1483,نادیہ,f
1484,نادیہ,f
1485,ناہید,f
1486,نايلة,f
1487,ناجیہ,f
1488,نجده,f
1489,نامہ,f
1490,ناشطة,f
1491,ناصحه,f
1492,نظهرة,f
1493,نظیرا,f
1494,نابا,f
1495,نباهة,f
1496,نبوية,f
1497,نبیلہ,f
1498,نابیہ,f
1499,نبہیہ,f
1500,نبیلہ,f
1501,نبیہ,f
1502,ندا,f
1503,ندیدہ,f
1504,نادرہ,f
1505,نادہیرا,f
1506,نادمة,f
1507,نادرہ,f
1508,نادیہ,f
1509,نادرا,f
1510,ندیہ,f
1511,نَیمہ,f
1512,نفي,f
1513,نفیسا,f
1514,نافعہ,f
1515,نفیسہ,f
1516,نافلہ,f
1517,نگینہ,f
1518,نغمہ,f
1519,نگینہ,f
1520,نہاﺀ,f
1521,ناہید,f
1522,ناحیہ,f
1523,نهضة,f
1524,نحظى,f
1525,نحلح,f
1526,ناہدہ,f
1527,نايفه,f
1528,نیک,f
1529,ناعیلہ,f
1530,نعیلہ,f
1531,نايمه,f
1532,نايمات,f
1533,نينا,f
1534,نجا,f
1535,ناجاف,f
1536,نجم,f
1537,ناجدہ,f
1538,ناجیبہ,f
1539,ناجیہ,f
1540,نجیبہ,f
1541,نجده,f
1542,ناجحه,f
1543,ناجیہ,f
1544,نججییہ,f
1545,نجلا,f
1546,نجمہ,f
1547,نجمی,f
1548,نجیہ,f
1549,نالا,f
1550,ناما,f
1551,نامین,f
1552,نمرہ,f
1553,ننجيل,f
1554,نانون,f
1555,نقيبة,f
1556,نقیہ,f
1557,نرگس,f
1558,نرش,f
1559,نرما,f
1560,نرملہ,f
1561,نارمينا,f
1562,نصیبہ,f
1563,ناسيك,f
1564,نسیمہ,f
1565,نصیرہ,f
1566,ناشہ,f
1567,نشيد,f
1568,نشم,f
1569,نشره,f
1570,نشمیہ,f
1571,نشوا,f
1572,نصیبہ,f
1573,ناصحہ,f
1574,نسیم,f
1575,نسيمه,f
1576,ناثرہ,f
1577,نسمة,f
1578,نصرا,f
1579,نسرین,f
1580,نصب,f
1581,نثارا,f
1582,نطيل,f
1583,نورین,f
1584,نشبه,f
1585,نوا,f
1586,نوار,f
1587,نوازش,f
1588,نویرہ,f
1589,ناوله,f
1590,نوره,f
1591,نور,f
1592,ناعمہ,f
1593,نایلہ,f
1594,نیر,f
1595,نییر,f
1596,ناز,f
1597,نزاہا,f
1598,نزافریں,f
1599,نزہہ,f
1600,نازاں,f
1601,نازعنينا,f
1602,نظرها,f
1603,نظیفہ,f
1604,نظیر,f
1605,نظیراں,f
1606,نزگول,f
1607,نظهرة,f
1608,نازیہ,f
1609,نزيهة,f
1610,نزيلا,f
1611,ناظمہ,f
1612,نزيندة,f
1613,نظیرہ,f
1614,نازلی,f
1615,نازنین,f
1616,نازك,f
1617,ندا,f
1618,نادرا,f
1619,نیلم,f
1620,نیلوفر,f
1621,نشد,f
1622,نگار,f
1623,نگیں,f
1624,نهلة,f
1625,نیلوفر,f
1626,نسیم,f
1627,نسرين,f
1628,نظمنا,f
1629,نبراس,f
1630,نگار,f
1631,نهاد,f
1632,نيهيل,f
1633,نکہت,f
1634,نیکو,f
1635,نیلم,f
1636,نیلوفر,f
1637,نعمتِ,f
1638,نعیمہ,f
1639,نینی,f
1640,نسا,f
1641,نشاط,f
1642,نسرین,f
1643,نواہ,f
1644,نيياف,f
1645,نيية,f
1646,نو بہار,f
1647,نور,f
1648,نور افزاﺀ,f
1649,نور جہاں,f
1650,نورالعین,f
1651,نورا,f
1652,نورالحيا,f
1653,نورین,f
1654,نورين,f
1655,نوررنر,f
1656,نورسبة,f
1657,نورين,f
1658,نورهان,f
1659,نوشین,f
1660,نؤف,f
1661,نوشفرین,f
1662,نزہت,f
1663,نية,f
1664,نايمه,f
1665,نُدہر,f
1666,ندبه,f
1667,ندورة,f
1668, نفيسه,f
1669,نجد,f
1670, نوناه,f
1671,نورا,f
1672,نورین,f
1673,نورین,f
1674,نرجنا,f
1675,نصيبه,f
1676,نصیبہ,f
1677,نصرت,f
1678,نويره,f
1679,نزہه,f
1680,نضرت,f
1681,نيسا,f
1682,اودیرہ,f
1683,ولدوز,f
1684,اُما,f
1685,أمرا,f
1686,امتہ,f
1687,اوریل,f
1688,ورکدہ,f
1689,أرذل,f
1690,وزرا,f
1691,پادیده,f
1692,پاک دامن,f
1693,پالین,f
1694,بانرا,f
1695,پرند,f
1696,پارسا,f
1697,بارداج,f
1698,پریچہر,f
1699,پریسا,f
1700,برغندا,f
1701,پری گل,f
1702,پریہان,f
1703,پریوش,f
1704,پارو,f
1705,پروانہ,f
1706,پروین,f
1707,پٹ,f
1708,پٹے,f
1709,پگھ,f
1710,برقها,f
1711,پروین,f
1712,پیوند,f
1713,پُلا,f
1714, پونہ,f
1715,پؤپک,f
1716,پوری,f
1717,پرنور,f
1718,قبيلة,f
1719,قبول,f
1720,قبطیہ,f
1721,قدیرہ,f
1722,قدرية,f
1723,قاهرة,f
1724,قائلہ,f
1725,قائمہ,f
1726,قمر,f
1727,قمير,f
1728,قمیر,f
1729,قمری,f
1730,قندیلہ,f
1731,قنیہ,f
1732,قانتہ,f
1733,قنطبہ,f
1734,قنوا,f
1735,قراه,f
1736,قرصفهل,f
1737,قريبه,f
1738,قارعہ,f
1739,قاربہ,f
1740,قرصفة,f
1741,قاصبہ,f
1742,قاسمہ,f
1743,قسمیہ,f
1744,قتیلہ,f
1745,قوسیہ,f
1746,قايلاه,f
1747,قيصر,f
1748,قزلباش,f
1749,قيرات,f
1750,قسمه,f
1751,قيمة,f
1752,قدوس,f
1753,قدسيه,f
1754,قدسیہ,f
1755,قريشا,f
1756,قرة,f
1757,قطيعه,f
1758,رابيه,f
1759,رائم,f
1760,راحیل,f
1761,رحيمة,f
1762,راكبا,f
1763,رعنا,f
1764,رشیدا,f
1765,رزية,f
1766,رابح,f
1767,رابیل,f
1768,ربیہ,f
1769,رابيه,f
1770,ربيته,f
1771,رادہ,f
1772,رادھیا,f
1773,رديفا,f
1774,راضيه,f
1775,ريفا,f
1776,ریئسا,f
1777,رايها,f
1778,رفاع,f
1779,رفعت,f
1780,رافدہ,f
1781,رفيعه,f
1782,رفيقه,f
1783,رفيدة,f
1784,رافيف,f
1785,رفیقہ,f
1786,رافعہ,f
1787,رافتہ,f
1788,رافضہ,f
1789,رغد,f
1790,رغبة,f
1791,رغيد,f
1792,راگنی,f
1793,رحابہ,f
1794,راحت,f
1795,راحیلہ,f
1796,رہیسہ,f
1797,رهيفة,f
1798,راحلہ,f
1799,رحیمتے,f
1800,رحلة,f
1801,رحمہ,f
1802,رعیدہ,f
1803,ریحانہ,f
1804,رائمہ,f
1805,رايقة,f
1806,رعیسا,f
1807,راجيه,f
1808,راجعہ,f
1809,راجيه,f
1810,راجنی,f
1811,رخيلة,f
1812,رخشہ,f
1813,رخشندہ,f
1814,رخصه,f
1815,راکبہ,f
1816,رمیلہ,f
1817,رمیصا,f
1818,رمیشہ,f
1819,رمیہ,f
1820,رملہ,f
1821,رمنا,f
1822,رمشہ,f
1823,رمزية,f
1824,راعنا,f
1825,رنارؤنا,f
1826,راندا,f
1827,رانیا,f
1828,رانیہ,f
1829,رانیا,f
1830,رقيبه,f
1831,رقيبا,f
1832,راسي,f
1833,رشاہ,f
1834,رشاقة,f
1835,رشيده,f
1836,رشیقہ,f
1837,رشیدہ,f
1838,راشفہ,f
1839,رشتیاﺀ,f
1840,راسیہ,f
1841,رسیکا,f
1842,رصينة,f
1843,رسمية,f
1844,رتيبة,f
1845,رؤفہ ,f
1846,رانا,f
1847,روشان,f
1848,راوا,f
1849,روحه,f
1850,رؤدہ,f
1851,راويا,f
1852,رویہ,f
1853,رايانن,f
1854,ریحانہ,f
1855,رزانة,f
1856,رزانة,f
1857,راضیہ,f
1858,رازقہ,f
1859,رازوا,f
1860,ریبا,f
1861,ريحة,f
1862,ریما,f
1863,ریشماں ,f
1864,ریحانہ,f
1865,ريشا,f
1866,ريشما,f
1867,ریشماں,f
1868,ريشتينا,f
1869, -- ,f
1870,ریحانہ,f
1871,ردا,f
1872,ردوان,f
1873,رضوانه,f
1874,رفات,f
1875,رفات,f
1876,رفضہ,f
1877,ریحانہ,f
1878,ريجا,f
1879,رم,f
1880,رمشا,f
1881,رقبه,f
1882,رضوہ,f
1883,رضوانہ,f
1884,روبل,f
1885,روحا,f
1886,رهين,f
1887,روجہ,f
1888,روکسینا,f
1889,رومانہ,f
1890,رند,f
1891,روبینہ,f
1892,روپا,f
1893,روشک,f
1894,روشن آراﺀ,f
1895,روشنة,f
1896,روشني,f
1897,رودابہ,f
1898,روکسین,f
1899,روکسینا,f
1900,روکسین,f
1901,روکسی,f
1902,روکسی,f
1903,روزل,f
1904,روزینہ,f
1905,روزیت,f
1906,رزينه,f
1907,روبا,f
1908,روبابا,f
1909,روبان,f
1910,روبية,f
1911,رفيده,f
1912,رفيدة,f
1913,رفق,f
1914,روهاب,f
1915,روحي,f
1916,روحية,f
1917,رکن,f
1918,رکبانہ,f
1919,رخيلة,f
1920,رخسانہ,f
1921,رخصهنا,f
1922,رميلة,f
1923,رميثة,f
1924,رومینا,f
1925,رومیلا,f
1926,رومانى,f
1927,رنس,f
1928,رقیہ,f
1929,رشدہ,f
1930,رشنا,f
1931,رواء,f
1932,رويده,f
1933,رؤیدا,f
1934,روزا,f
1935,سادیہ,f
1936,صادقهة,f
1937,صاحبه,f
1938,سائم,f
1939,صايره,f
1940,سالفه,f
1941,سالكة,f
1942,سامیہ,f
1943,سارا,f
1944,صباء,f
1945,صبا,f
1946,صباح,f
1947,صباحت,f
1948,سباقة,f
1949,صبیحہ,f
1950,سبین,f
1951,سبير,f
1952,ثبت,f
1953,صبی,f
1954,صبیحہ,f
1955,سبیلہ,f
1956,سابقة,f
1957,صابرہ,f
1958,ثابتہ,f
1959,صبوح,f
1960,صبوری,f
1961,صابرہ,f
1962,سبرینا,f
1963,صبريه,f
1964,ثبطہ,f
1965,سبورة,f
1966,سبزینہ,f
1967,صدد,f
1968,صداقت,f
1969,سادات,f
1970,صدفی,f
1971,سادية,f
1972,سديدا,f
1973,صديقه,f
1974,سادية,f
1975,سعدیہ,f
1976,صادوه,f
1977,سدوس,f
1978,صدقی,f
1979,ساعدہ,f
1980,صعیدہ,f
1981,سیدہ,f
1982,صفا,f
1983,سفانہ,f
1984,سفینہ,f
1985,سفيره,f
1986,صفیہ,f
1987,صفوه,f
1988,صفیہ,f
1989,صفورا,f
1990,سفن,f
1991,صفوه,f
1992,ساجدة,f
1993,صغیرہ,f
1994,صغيرة,f
1995,سحاب,f
1996,سحر,f
1997,صہبا,f
1998,صاحب جمال,f
1999,صاحبزادی,f
2000,سحیقہ,f
2001,سہلہ,f
2002,صحنا,f
2003,سہر,f
2004,سیدا,f
2005,سیدہ,f
2006,صائلہ,f
2007,صائمہ,f
2008,سائرہ,f
2009,سعيدة,f
2010,سجیلہ,f
2011,ساجدہ,f
2012,سجل,f
2013,ساخرہ,f
2014,صخره,f
2015,سکینہ,f
2016,صلحہ,f
2017,صلبیہ,f
2018,سليمه,f
2019,سلیطہ,f
2020,صلصهن,f
2021,سالفه,f
2022,صالحہ,f
2023,سليقة,f
2024,سلیمہ,f
2025,سلمی,f
2026,سالمه,f
2027,سلومی,f
2028,سلسبيل,f
2029,صلوا,f
2030,سلویا,f
2031,سماﺀ,f
2032,ثمال,f
2033,سمامہ,f
2034,سمانہ,f
2035,سمر,f
2036,سمارا,f
2037,سماریہ,f
2038,سموه,f
2039,سمیعہ,f
2040,سمیحہ,f
2041,سمینہ,f
2042,سمیرا,f
2043,سامرہ,f
2044,سامية,f
2045,سامعہ,f
2046,سمیحہ,f
2047,ساميم,f
2048,ثامن,f
2049,ساميقا,f
2050,سمیرہ,f
2051,سمارا,f
2052,سمونا,f
2053,سامرا,f
2054,سمرن,f
2055,سامتہ,f
2056,ثناء,f
2057,ثنا,f
2058,سانیہ,f
2059,سنان,f
2060,صناعت,f
2061,صنوبر,f
2062,سناز,f
2063,سنیلہ,f
2064,سانجينا,f
2065,ثانیہ,f
2066,ثانيها,f
2067,سنیا,f
2068,ثانية,f
2069,سنجیدہ,f
2070,صنوبر,f
2071,سنور,f
2072,صویب,f
2073,سفائر,f
2074,ثاقبہ,f
2075,سرافینا,f
2076,صراحہ,f
2077,ثردانہ,f
2078,صریف,f
2079,سریتا,f
2080, سارین,f
2081,صارجہ,f
2082,سرود,f
2083,سرور,f
2084,سروناز,f
2085,صرفية,f
2086,سارونة,f
2087,ثروت,f
2088,ساشا,f
2089,ستيلا,f
2090,صعودہ ,f
2091,صولت,f
2092,سؤدہ,f
2093,سایہ,f
2094,سائم,f
2095,سیدہ,f
2096,صبیہ,f
2097,سیبہ,f
2098,سیماب,f
2099,سیمیں,f
2100,سیرت,f
2101,صہبا,f
2102,سيهر,f
2103,سلیمہ,f
2104,سیما,f
2105,ثنیہ,f
2106,سپیدہ,f
2107,ستارہ,f
2108,شادیا,f
2109,شاهين,f
2110,شاهده,f
2111,شائستہ,f
2112,شکیرا,f
2113,شارقه,f
2114,شابہ,f
2115,شباب,f
2116,شبابہ,f
2117,شبعیہ,f
2118,شبیبہ,f
2119,شبیبا,f
2120,شبلہ,f
2121,شبو,f
2122,شاد,f
2123,شادہ,f
2124,شادی,f
2125,شظية,f
2126,شادیہ,f
2127,شادماں,f
2128,شفنا,f
2129,شفقت,f
2130,شفیقہ,f
2131,شافہہ,f
2132,شفیعہ,f
2133,شفیقہ,f
2134,شاغلي,f
2135,شغیلہ,f
2136,شگفہ,f
2137,شہ پارہ,f
2138,شاہ سلطان,f
2139,شهادة,f
2140,شاہانہ,f
2141,شاہین,f
2142,شاہدہ,f
2143,شاہین,f
2144,شاہندہ,f
2145,شالا,f
2146,شهلال,f
2147,شہناز,f
2148,شہر بانو,f
2149,شہربانو,f
2150,شہر زاد,f
2151,شہوار,f
2152,شہزادی,f
2153,شہزین,f
2154,شيما,f
2155,شاعرہ,f
2156,شاعرہ,f
2157,شائستہ,f
2158,شجره,f
2159,شجية,f
2160,شاکہہ,f
2161,شکیلہ,f
2162,شکیمہ,f
2163,شکیلہ,f
2164,شاکرہ,f
2165,شقفة,f
2166,شكره,f
2167,شاليمار,f
2168,شالیزہ,f
2169,شمع رو,f
2170,شمامة,f
2171,شمائله,f
2172,شمامہ,f
2173,شماصہ,f
2174,شميلة,f
2175,شمیما,f
2176,شاميخ,f
2177,شمیمہ,f
2178,شما,f
2179,شمی,f
2180,شمسة,f
2181,شمشاد,f
2182,شمعدا,f
2183,شان,f
2184,شنقا,f
2185,شانوم,f
2186,شينز,f
2187,شقيقه,f
2188,شقرا,f
2189,شرارا,f
2190,شاربہ,f
2191,شریکا,f
2192,شارین,f
2193,شارفہ,f
2194,شری,f
2195,شریکا,f
2196,شریفہ,f
2197,شریقہ,f
2198,شاریہ,f
2199,شرکت,f
2200,شرمیلہ,f
2201,شرم,f
2202,شیرون,f
2203,شسم,f
2204,شاتھ,f
2205,شوانا,f
2206,شیما,f
2207,شظف,f
2208,شاذبہ,f
2209,شذمة,f
2210,شیبا,f
2211,شیبا,f
2212,شیلانہ,f
2213,شین,f
2214,شیرین,f
2215,شہلا,f
2216,شہنیلہ,f
2217,شهربان,f
2218,شیلا,f
2219,شرین,f
2220,شرمین,f
2221,شیزہ,f
2222,شیدہ,f
2223,شفاء,f
2224,شیلا,f
2225,شیما,f
2226,شيمه,f
2227,شمرانہ,f
2228,شينك,f
2229,شرا,f
2230,شریں,f
2231,شیوا,f
2232,شيزا,f
2233,شمع,f
2234,شوھره,f
2235,شوکوح,f
2236,شولہ,f
2237,شوکا,f
2238,شاء,f
2239,شدون,f
2240,شوغلا,f
2241,شهره,f
2242,شوكر,f
2243,شكريا,f
2244,شولا,f
2245,شميلة,f
2246,شنناره,f
2247,شرفة,f
2248,شرلی,f
2249,شوروق,f
2250,سیرا,f
2251, سبا,f
2252,سبال,f
2253,صدق,f
2254,صدیقہ,f
2255,سدرہ,f
2256,سیہام,f
2257,سکینہ,f
2258,سيلي,f
2259,سلمى,f
2260,سیما,f
2261,سیمہ,f
2262,ثمرہ,f
2263,سينشرت,f
2264,سيراه,f
2265,سيرين,f
2266,سیسی,f
2267,ستارہ,f
2268,ستارہ,f
2269,صيانة,f
2270,صمیدہ,f
2271,ثوب,f
2272,صبيا,f
2273,صوفيا,f
2274,صحبت,f
2275,سہیلہ,f
2276,سمية,f
2277,زميلة,f
2278,سونیا,f
2279,صوفیا,f
2280,صورت,f
2281,ثوران,f
2282,سعود,f
2283,سؤدہ,f
2284,سولمز,f
2285,سوسن,f
2286,سوزن,f
2287,ستارہ,f
2288,ستارلنی,f
2289,سعود,f
2290,صباحا,f
2291,سبيتة,f
2292,سبحان,f
2293,سبحانہ,f
2294,صبحي,f
2295,سدیسہ,f
2296,صوفيا,f
2297,صغرہ,f
2298,سُہیلہ,f
2299,زحمه,f
2300,سهرة,f
2301,سہیلہ,f
2302,سہیمہ,f
2303,سهير,f
2304,سكينة,f
2305,سکینہ,f
2306,صُلافہ,f
2307,سلطانہ,f
2308,سمیرا,f
2309,صممه,f
2310,سمية,f
2311,سميته,f
2312,سمیّہ,f
2313,سومل,f
2314,سمیہ,f
2315,سمر,f
2316,سمرة,f
2317,سنبلہ,f
2318,سنبلة,f
2319,سونيا,f
2320,سوريا,f
2321,سری,f
2322,سُزن,f
2323,سوسن,f
2324,سويديه,f
2325,سويه,f
2326,سیدۃ النساﺀ,f
2327,تابعه,f
2328,طاہرا,f
2329,تايبه,f
2330,تالي,f
2331,تالف,f
2332,تاسيس,f
2333,تبهج,f
2334,تباله,f
2335,تبنى,f
2336,تبسم,f
2337,تعبده,f
2338,تعبیر,f
2339,تبیان,f
2340,تابینہ,f
2341,تابیثہ,f
2342,تابش,f
2343,تادیہ,f
2344,تفيد,f
2345,تغريد,f
2346,طہیرا,f
2347,تحررتهرا,f
2348,طاہرہ,f
2349,طاہری,f
2350,تانیہ,f
2351,تحية,f
2352,تحييه,f
2353,تحلم,f
2354,تحمائنہ,f
2355,طاحونہ,f
2356,طحرت,f
2357,تحسین,f
2358,تحسین,f
2359,تاعت,f
2360,طيبه,f
2361,طائل,f
2362,طائلہ,f
2363,طین,f
2364,طائر,f
2365,تاج,f
2366,تجميل,f
2367,تسکین,f
2368,طلابہ,f
2369,طلالہ,f
2370,طلعت,f
2371,طالبہ,f
2372,تالي,f
2373,طالبة,f
2374,طلیعہ,f
2375,طلسہ ,f
2376,تلوثا,f
2377,تماضر,f
2378,تمنا,f
2379,طمار,f
2380,تمزر,f
2381,تميمية,f
2382,تمك,f
2383,تمکین,f
2384,طناز ,f
2385,تانیشہ,f
2386,طنجة,f
2387,تنویر,f
2388,طاؤسہ,f
2389,تقدیس,f
2390,تقیہ,f
2391,تقوا,f
2392,تراب,f
2393,ترانہ,f
2394,ترنم,f
2395,طرازہ,f
2396,طرازیہ,f
2397,طریدہ,f
2398,ترین,f
2399,طارفہ,f
2400,طريقه,f
2401,طروبہ,f
2402,ترسا,f
2403,طارُب,f
2404,تارز,f
2405,تاثیر,f
2406,تاشفہ,f
2407,تسکین,f
2408,تسلیم,f
2409,تَسليم,f
2410,تصميخ,f
2411,تسميه,f
2412,تسنیم,f
2413,توفیق,f
2414,توفيق,f
2415,تودد,f
2416,توفيق,f
2417,طاووس,f
2418,طیبہ,f
2419,طيبة,f
2420,تعظیم,f
2421,تزئین,f
2422,تعظيما,f
2423,تظمن,f
2424,ٹینا,f
2425,تہمینہ,f
2426,تحصن,f
2427,تحشیہ,f
2428,ثابته,f
2429,ثنا,f
2430,تھنہ,f
2431,تھرا,f
2432,ثروة,f
2433,ثريا,f
2434,تھوب,f
2435,ثباته,f
2436,تحفلة,f
2437,تہرایا,f
2438,ثریا,f
2439,ثوبه,f
2440,ثوایبه,f
2441,تییہ,f
2442,تکیہ,f
2443,تيرانا,f
2444,تحفہ,f
2445,طوسہ,f
2446,توقیع,f
2447,توکا,f
2448,طُوبہ,f
2449,تحفہ,f
2450,طلیقہ,f
2451,طوقا,f
2452,ترنیم,f
2453,وباب,f
2454,عبیدہ,f
2455,عدولا,f
2456,أهي,f
2457,اجالا,f
2458,علما,f
2459,الفت,f
2460,عُلیمہ,f
2461,عليا,f
2462,امیمہ,f
2463,أمامة,f
2464,عمیمہ,f
2465,أمينه,f
2466,أمايه,f
2467,ام,f
2468,امم کلثوم,f
2469,أممية,f
2470,مقولتهم,f
2471,أمنية,f
2472,عمری,f
2473,عنیزہ,f
2474,عنقود,f
2475,اریدہ,f
2476,عروج,f
2477,عرسها,f
2478,عروا,f
2479,اسامہ,f
2480,اسوہ,f
2481,عطفہ,f
2482,عويصه,f
2483,ودھاﺀ,f
2484,وندا,f
2485,فرشة,f
2486,وصیلہ,f
2487,وشتی,f
2488,واصیہ,f
2489,ویرینس,f
2490,ویدہ,f
2491,وقار النساﺀ,f
2492,واحده,f
2493,واجدة,f
2494,واليه,f
2495,واسفه,f
2496,وبیبہ,f
2497,وابعثه,f
2498,ودانا,f
2499,وعديدة,f
2501,﻿عابدین,m
2502,آدم,m
2503,عادل,m
2504,عافی,m
2505,آغا,m
2506,آيد,m
2507,عاہن,m
2508,عاکی,m
2509,عالم,m
2510,آلف,m
2511,عامد,m
2512,آمر,m
2513,آمین,m
2514,آقا,m
2515,عريب,m
2516,ارون,m
2517,آرزو,m
2518,اسال,m
2519,اصیل,m
2520,اعتزاز,m
2521,عایان,m
2522,آزاد,m
2523,اعاز,m
2524,اعباب,m
2525,عباد,m
2526,ابدرد,m
2527,عبادلت,m
2528,عباد اﷲ,m
2529,عبید,m
2530,اباختر,m
2531,ابن,m
2532,ابن,m
2533,آبانوس,m
2534,اباراوند,m
2535,عباسی,m
2536,ابا,m
2537, عباس,m
2538,عباسیہ,m
2539,عابدين,m
2540,عبد الاعلی,m
2541,عبد المناف,m
2542,ابداه,m
2543,عبد العلیم,m
2544,عبد العزیز,m
2545,عبد الفتح,m
2546,عبدالحاکم,m
2547,عبد الحلیم,m
2548,عبد الجبار,m
2549,عبد الجبار,m
2550,عبد الکادر,m
2551,عبداللہ,m
2552,عبداللہ,m
2553,عبد المالک,m
2554,عبد المفی,m
2555,عبد القادر,m
2556,عبد الرحیم,m
2557,عبد الرحمان,m
2558,عبد الرؤف,m
2559,عبد الرزاق,m
2560,عبدالسمی,m
2561,أبدا,m
2562,عبد الرحمان,m
2563,عبدل,m
2564,عبد العطی,m
2565,عبد الفتح,m
2566,عبدالحادی,m
2567,عبد الحلیم,m
2568,عبد الکدیر,m
2569,عبد الکریم,m
2570,عبد المالک,m
2571,عبد القادر,m
2572,عبد الرحیم,m
2573,عبد الرحمان,m
2574,عبد الرضا,m
2575,ابدُ,m
2576,عبدل,m
2577,عب الالی,m
2578,عبدل ادھیم,m
2579,عبدل افو,m
2580,عبدل علی,m
2581,عبد الاول,m
2582,عبد ل بدی,m
2583,عبدل بائس,m
2584,عبدالبصیر,m
2585,عبد ل بتن,m
2586,عبد الغنی,m
2587,عبد الحفیظ,m
2588,عبدل حنان,m
2589,عبدل حسیب,m
2590,عبدل جامی,m
2591,عبدل جواد,m
2592,عبدل کافی,m
2593,عبدل خبیر,m
2594,عبد الطیف,m
2595,عبد الماجد,m
2596,عبدل مانی,m
2597,عبدل موخر,m
2598,عبدل مومیت,m
2599,عبدل مبدے,m
2600,عبدل معید,m
2601,عبدل محثی,m
2602,عبدل مہیی,m
2603,عبدل مئید,m
2604,عبد المُنیم,m
2605,عبدل مقددم,m
2606,عبدل مقست,m
2607,عبدل متالی,m
2608,عبدل معطلی,m
2609,عبد المُطلب,m
2610,عبدل نفی,m
2611,عبدل نور,m
2612,عبدالقدیر,m
2613,عبدل قاہر,m
2614,عبدل قوی,m
2615,عبدل رب,m
2616,عبدل رفیع,m
2617,عبدل راقب,m
2618,عبدالرزاق,m
2619,عبدل ستار,m
2620,عبدل تواب,m
2621,عبدل وکیل,m
2622,عبدل ولی,m
2623,عبدل واجد,m
2624,عبدل ولی,m
2625,عبدل وارث,m
2626,عبدل ظاہر,m
2627,عبد العلیم,m
2628,عبد العظیم,m
2629,عبد العظیم,m
2630,عبد الباری,m
2631,عبد الباری,m
2632,عبد الباسط,m
2633,عبد الغفار,m
2634,عبدالغفور,m
2635,عبد الحادے,m
2636,عبد الحدیم,m
2637,عبد الحفیظ,m
2638,عبد الحکم,m
2639,عبدالحکین,m
2640,عبد الحلیم,m
2641,عبد الحمید,m
2642,عبدالحق,m
2643,عبد الحسیب,m
2644,عبدالجبار,m
2645,عبد الجابر,m
2646,عبد الجیل,m
2647,عبد الکریم,m
2648,عبد الخلق,m
2649,عبداللہ,m
2650,عبداللہ,m
2651,عبد الطیف,m
2652,عبد المجید,m
2653,عبد المالک,m
2654,عبد المتین,m
2655,عبد المجید,m
2656,عبدالمہیمن,m
2657,عبدالمعز,m
2658,عبدالمجیب,m
2659,عبد المقتدر,m
2660,عبد النصیر,m
2661,عبد القدیر,m
2662,عبد القادر,m
2663,عبد القہار,m
2664,عبدالقدوس,m
2665,عبدالرفیع,m
2666,عبد الرحیم,m
2667,عبد الرحمان,m
2668,عبدالرشید,m
2669,عبد الرؤف,m
2670,عبد الرزاق,m
2671,عبد الرحمان,m
2672,عبدالصبور,m
2673,عبدالسلام,m
2674,عبد الصمد,m
2675,عبدالشکور,m
2676,عبد الطوات,m
2677,عبدالودو,m
2678,عبدالوہاب,m
2679,عبد الوہاب,m
2680,عبد الوریتہ,m
2681,عبدل رب,m
2682,عبدل رقیب,m
2683,عبد الرحیم,m
2684,عبد الرشد,m
2685,عبد الرحمان,m
2686,عبدل صبور,m
2687,عبدل سمیع,m
2688,عبدل شفیع,m
2689,عبدل صبوح,m
2690,عبدل صبع,m
2691,عبدل شہید,m
2692,عبد السلام,m
2693,عبدل ظاہر,m
2694,عابدین,m
2695,عبیل,m
2696,ابہار,m
2697,عابق,m
2698,آبص,m
2699,ابییہ,m
2700,آبکار,m
2701,عبنات,m
2702,ابنُس,m
2703,ابو علی,m
2704,ابراد,m
2705,ابراہیم,m
2706,ابرار,m
2707,أبريق,m
2708,ابس,m
2709,ابصار,m
2710,بشم,m
2711,آبتین,m
2712,ابتن,m
2713,ابُو بکر,m
2714,ابو الخیر,m
2715,ابُو امر,m
2716,ابُو دالامہ,m
2717,ابُوداؤد,m
2718,ابُو فارس,m
2719,ابُو حفص,m
2720,ابُو حنیفہ,m
2721,ابُو ہریرہ,m
2722,ابو عیسا,m
2723,ابو جحفہ,m
2724,ابُو لوعلو,m
2725,ابُو ملک,m
2726,ابو موسٰی,m
2727,ابو طلحہ,m
2728,ابو تراب,m
2729,ابو زر,m
2730,ابُو بکر,m
2731,ابوبکر,m
2732,ابُل آئنیہ,m
2733,ابُل دُرر,m
2734,ابُل بشر,m
2735,ابل فراج,m
2736,ابُل فضل,m
2737,ابل ہیثم,m
2738,ابل حسسان,m
2739,ابل خیر,m
2740,ابُل مہزرت,m
2741,ابُل قاسیم,m
2742,ابُل وفا,m
2743,ابل یاسر,m
2744,بلفظل,m
2745,ابو الخیر,m
2746,بوتراب,m
2747,أبين,m
2748,ابزار,m
2749,اچمید,m
2750,عداد,m
2751,عدالت,m
2752,عدن,m
2753,اداوي,m
2754,عبدل قوی,m
2755,عدیل,m
2756,عدل,m
2757,آدم,m
2758,آدھین,m
2759,ادیب,m
2760,عادل شاہ,m
2761,عدل,m
2762,عدرا,m
2763,عبد العزیز,m
2764,ادوام,m
2765,ايجاز,m
2766,افخیم,m
2767,آفندی,m
2768,أفضال,m
2769,افدحال,m
2770,عفیف,m
2771,افہام,m
2772,عفیف,m
2773,عافر,m
2774,افكار,m
2775,أفلح,m
2776,افراند,m
2777,افراسیاب,m
2778,افراز,m
2779,آفرین,m
2780,افروز,m
2781,افسر,m
2782,افشار,m
2783,افتا,m
2784,فتبدن,m
2785,عفو,m
2786,افضال,m
2787,آغا,m
2788,اغلاب,m
2789,عہادیہ,m
2790,أهداف,m
2791,احکم,m
2792,حمدلله,m
2793,احمد,m
2794,أحرز,m
2795,أحسب,m
2796,أحسنلله,m
2797,احتشام,m
2798,أحيان,m
2799,ایبک,m
2800,عیاث,m
2801,عائش,m
2802,اېمل,m
2803,عین,m
2804,عین اللہ,m
2805,عائق,m
2806,اعراس,m
2807,ایثار,m
2808,عائش,m
2809,ایز,m
2810,عجام,m
2811,اجاوید,m
2812,اجدا,m
2813,أجيب,m
2814,أجر,m
2815, عجیل,m
2816,عاجل,m
2817,اجیم,m
2818,عاجز,m
2819,اجمل,m
2820,اجنت,m
2821,عجوبہ,m
2822,اجود,m
2823,اکل,m
2824,اکبر,m
2825,اکفح,m
2826,اخانغل,m
2827,أخدان,m
2828,آخی,m
2829,آخر,m
2830,اخلاق,m
2831,اخسم,m
2832,أخترزمر,m
2833,خندزدا,m
2834,اخیار,m
2835,خزر,m
2836,عاکف,m
2837,اکیلی,m
2838,اکمد,m
2839, اکرم,m
2840,اکون,m
2841,ال,m
2842,ال امین,m
2843,ال فیض,m
2844,ال رفیع,m
2845,ال صادق,m
2846,ال طیب,m
2847,اعلی الدین,m
2848, اعلٰی,m
2849,علاودین,m
2850,آلب,m
2851,الادین,m
2852,العالم,m
2853,علامت,m
2854,الملحدة,m
2855,الندا,m
2856,علاؤالدین,m
2857,البُرز,m
2858,علیم ال ہدا,m
2859,الہادی,m
2860,الحكم,m
2861,الحق,m
2862,الحسن,m
2863,الحسين,m
2864,علی,m
2865,علی اکبر,m
2866,علي حيدر,m
2867,علی حسن,m
2868,علی شان,m
2869,علی داد,m
2870,اليه,m
2871,الإي,m
2872,اللال,m
2873,المهدي,m
2874,المير,m
2875,السافي,m
2876,التآم,m
2877,الطاف حسین,m
2878,التمش,m
2879,الطيب,m
2880,التین,m
2881,الُف,m
2882,الوا,m
2883,الوان,m
2884,الوز,m
2885,الیاسا,m
2886,امان,m
2887,عماد,m
2888,اماہل,m
2889,عمل,m
2890,امان,m
2891,منددين,m
2892,عمارت,m
2893,عمات اللہ,m
2894,امدات,m
2895,امیر,m
2896,مريول,m
2897,معدودولة,m
2898,امین,m
2899,أمين,m
2900,عامر,m
2901,امجد,m
2902,عمارہ,m
2903,آمپاراتر,m
2904,عمرو,m
2905,امُد,m
2906,اناهيد,m
2907,أنساه,m
2908,عنایت,m
2909,أنين,m
2910,انیس,m
2911,عنفاص,m
2912,عنيف,m
2913,آنیس,m
2914,انجم,m
2915,أنوار,m
2916,انوشیروان,m
2917,انسب ,m
2918,أنصاري,m
2919,عنطر,m
2920,انوار,m
2921,انوارولكاريم,m
2922,عنضر,m
2923,عون,m
2924,آقا,m
2925,اقبال,m
2926,اقدس,m
2927,عقید,m
2928,عقيل,m
2929,عاقد,m
2930,عاقل,m
2931,عقیق,m
2932,عقل,m
2933,اقمار,m
2934,عقد,m
2935,اقُل,m
2936,عرا,m
2937,عربی,m
2938,عرفہ,m
2939,أرز,m
2940,ارن,m
2941,ارصب,m
2942,اراشہ,m
2943,ارشمید,m
2944,ارسطو,m
2945,عربہ,m
2946,ارباب,m
2947,اردہ,m
2948,ردم,m
2949,اردیشر,m
2950,عردون,m
2951,عريف,m
2952,عریش,m
2953,عارف,m
2954,عارفين,m
2955,ارهاب,m
2956,عریہ,m
2957,عارف,m
2958,عارفین,m
2959,أريكة,m
2960,آرق,m
2961,ارسطو,m
2962,ارجن,m
2963,عریجیہ,m
2964,ارجُمند,m
2965,اركان,m
2966,ارمان,m
2967,ارمین,m
2968,ارمون,m
2969,ارمون,m
2970,عروف,m
2971,ارسال,m
2972,ارسلان,m
2973,ارشد,m
2974,عرشما,m
2975,ارشاق,m
2976,ارشاوانت,m
2977,عرشمان,m
2978,عرشیہ,m
2979,ارسلان,m
2980,ارتابز,m
2981,عرتن,m
2982,ارتمن,m
2983,عرتن,m
2984, اروز,m
2985,عروین,m
2986,عریا,m
2987,اریامن,m
2988,آریان,m
2989,ارینو,m
2990,عریاسب,m
2991,عرض,m
2992,ارزانک,m
2993,ارزھنگ,m
2994,اسد,m
2995,عصادیل,m
2996,أصدلله,m
2997,اسفدّولہ,m
2998,اصالی,m
2999,عصر,m
3000,استوہ,m
3001,أصباغ,m
3002,ابصار,m
3003,اصدف,m
3004,أسيل,m
3005,أصير,m
3006,اسیج,m
3007,عاثم,m
3008,اصغر,m
3009,شاص,m
3010,عشب,m
3011,آشام,m
3012,اشعر,m
3013,اشارت,m
3014,اشوستا,m
3015,اشازم,m
3016,عشیق,m
3017,أسهل,m
3018,اشھُب,m
3019,عاشق,m
3020,عاشر,m
3021,اشکاما,m
3022,اشمل,m
3023,أشور,m
3024,اشرافی,m
3025,عشرت,m
3026,عششق,m
3027,اشتگ,m
3028,آشفتہ,m
3029,اشوہشت,m
3030,آصف,m
3031,اصیل,m
3032,اصیر,m
3033,اسجل,m
3034,عسکری,m
3035,اسلم,m
3036,اسلان,m
3037,اصمد,m
3038,آژمیر,m
3039,آسودہ,m
3040,یسپ,m
3041,اسرواک,m
3042,اسیرا,m
3043,اسطر,m
3044,اصتوند,m
3045,أسود,m
3046,ایساف,m
3047,اتا ال رحمن,m
3048,عطا,m
3049,عتبہ,m
3050,عطافت,m
3051,أطال,m
3052,عطا اللہ,m
3053,عطقت,m
3054,اتربرزین مہر,m
3055,اتروکشا,m
3056,اتارو,m
3057,اترش,m
3058,اتاش بہرام,m
3059,أطباق,m
3060,عطا الرحمن,m
3061,اطیب,m
3062,عتیق,m
3063,عاطر,m
3064,اطہر,m
3065,اتہیل,m
3066,عطیہ,m
3067,عاطف,m
3068,عتل,m
3069,عاتق,m
3070,اعتصام,m
3071,اطلس,m
3072,عطراب,m
3073,عطارت,m
3074,آتُف,m
3075,عوداد,m
3076,اُوفا,m
3077,اُوحاد,m
3078,اُجن,m
3079,اولاد,m
3080,عون,m
3081,اورنگ,m
3082,عُص,m
3083,اوصت,m
3084,اُطہار,m
3085,اوخشیدار,m
3086,اوستہ,m
3087,اوگن,m
3088,اویک,m
3089,اعوان,m
3090,أوز,m
3091,اعوان,m
3092,عواطف,m
3093,آِوٰن,m
3094,أواب,m
3095,اول,m
3096,آیان,m
3097,آیان,m
3098,ایاز,m
3099,آییندے,m
3100,اییار,m
3101,ایمن,m
3102,ينلهياة,m
3103,ایوب,m
3104,أيسر,m
3105,ایوب,m
3106,آیان,m
3107,ایاز,m
3108,ایوب,m
3109,عضہ,m
3110,آزان,m
3111,آزاد,m
3112,أزين,m
3113,اعظم,m
3114,ازامنن,m
3115,آزر,m
3116,ازارنگ,m
3117,عذرتاش,m
3118,عذبك,m
3119,ازاددولاح,m
3120,اظفر,m
3121,أذهان,m
3122,اظہر,m
3123,عزهمر,m
3124,آزد,m
3125,ازیگ,m
3126,عازم,m
3127,عزیمششان,m
3128,عزیزی,m
3129,ازلان,m
3130,عظم,m
3131,عظمت,m
3132,عزمی,m
3133,أزرق,m
3134,ازود,m
3135,ازددن,m
3136,اعظم,m
3137,عزام,m
3138,بابر,m
3139,باديه,m
3140,باہر,m
3141,بانی,m
3142,بارق,m
3143,باز,m
3144,بابا,m
3145,بابر,m
3146,بابی,m
3147,بابر,m
3148,بابو,m
3149,بچر,m
3150,بہرام,m
3151,بدیع,m
3152,بدیل,m
3153,بدر,m
3154,بادی,m
3155,بديلزما,m
3156,بدول عالم,m
3157,بدی الزمان,m
3158,بدر,m
3159,بدر الدین,m
3160,بدرقہ,m
3161,بدرُو,m
3162,بدردجا,m
3163,بدرُوالدین,m
3164,بیگ,m
3165,بغاو,m
3166,بغل,m
3167,بہاء,m
3168,بهالدن,m
3169,بہادر,m
3170,بہاؤدولحہ,m
3171,بحضن,m
3172,بہاؤالدین,m
3173,بهين,m
3174,بہیرہ,m
3175,بہاس,m
3176,باہیم,m
3177,بہران,m
3178,باھیت,m
3179,باہیادالدین,m
3180,بہجت,m
3181,بہلول,m
3182,بہمت,m
3183,بحر,m
3184,بحرور,m
3185,باہُوج,m
3186,باهز,m
3187,بای,m
3188,بايد,m
3189,بیگ,m
3190,بیربل,m
3191,بعجلة,m
3192,بجُل,m
3193,بقيت,m
3194,بخش,m
3195,بخت رواں,m
3196,باختر,m
3197,بختاور,m
3198,بختیار,m
3199,بخُور,m
3200,بكار,m
3201,بکر,m
3202,بكري,m
3203,باکورہ,m
3204,بالاغ,m
3205,بلک,m
3206,بلاق,m
3207,بلبن,m
3208,بليل,m
3209,بلیغ,m
3210,بلجت,m
3211,بمدت,m
3212,بندک,m
3213,بنی,m
3214, بنّا,m
3215,باقة,m
3216,باقی,m
3217,باقر,m
3218,باراہیم,m
3219,بارک,m
3220,براکہ,m
3221,بركاتلله,m
3222,براق,m
3223,بربت,m
3224,بردیہ,m
3225,برید,m
3226,برشام,m
3227,باری,m
3228,برینکر,m
3229,بارير,m
3230,برکات,m
3231,برنا,m
3232,بروزشم,m
3233,برقی,m
3234,بارکاللہ,m
3235,برز,m
3236,بصم,m
3237,بسام,m
3238,باسعود,m
3239,بصاص,m
3240,بسیم,m
3241,بصیرت,m
3242,بسیم,m
3243,بشر,m
3244,بشارت,m
3245,باشاش,m
3246,باشی,m
3247,بشیرت,m
3248,بششر,m
3249,باسل,m
3250,باسق,m
3251,بصیرت,m
3252,بسمان,m
3253,بسّم,m
3254,بصم,m
3255,بَتل,m
3256,باتن,m
3257,باتشہ,m
3258,بايزيد,m
3259,بضاعت,m
3260,بزمی,m
3261,بيزغر,m
3262,بازير,m
3263,بازل,m
3264,بزمخ,m
3265,بیدار,m
3266,بحلول,m
3267,بہم,m
3268,بہرام,m
3269,بہرنگ,m
3270,بہروز,m
3271,بیکر,m
3272,بیرزت,m
3273,برنی,m
3274,بشترنا,m
3275,بیہار,m
3276,بِکر,m
3277,بلال,m
3278,بالليل,m
3279,بنيامين,m
3280,برجیس,m
3281,بیشارت,m
3282,بسمل,m
3283,بُبک,m
3284,بُراک,m
3285,بستان,m
3286,بولس,m
3287,بوزيد,m
3288,براهين,m
3289,بروہیر,m
3290,بديل,m
3291,بُودر,m
3292,بُہیرہ,m
3293,بہُمہ,m
3294,بُہر,m
3295,بجرا,m
3296,بوخاري,m
3297,بخشی,m
3298,بلحة,m
3299,بولس,m
3300,بنسیتھ,m
3301,بقرة,m
3302,بُراق,m
3303,بورايد,m
3304,برہان,m
3305,برج,m
3306,بُرج,m
3307,برزشن,m
3308,بُشارت,m
3309,بُشر,m
3310,بصرق,m
3311,بستان,m
3312,بُطرص,m
3313,بُرراب,m
3314,بُزابیز,m
3315,بزرگ,m
3316,کال,m
3317,کالب,m
3318,کاسپر,m
3319,چابک,m
3320, چہل,m
3321,چاخرہ,m
3322,چمالی,m
3323,چمن گل,m
3324,چنبیلی,m
3325,چانن,m
3326,چاند,m
3327,چنگیز,m
3328,كينجز,m
3329,چارلش,m
3330,چشیدہ,m
3331,چیدہ خان,m
3332,چر,m
3333,چیسی,m
3334,چراغ,m
3335,چشتی,m
3336,چترازت,m
3337,چوہان,m
3338,چوج,m
3339,سد,m
3340,کرروس,m
3341,سید,m
3342,داع,m
3343,داعي,m
3344,دبه,m
3345,دابير,m
3346,داد,m
3347,دائنودیسا,m
3348,دیپہمر,m
3349,دفینہ,m
3350,داغر,m
3351,دھک,m
3352,دهاك,m
3353,داہی,m
3354,دہم,m
3355,دہموکریتا,m
3356,دہیکا,m
3357,دائم,m
3358,دايب,m
3359,دائس,m
3360,دائپدار,m
3361,داعيا,m
3362,داخيل,m
3363,دالاج,m
3364,دلیل,m
3365,دلہم,m
3366,دالما,m
3367,دالو,m
3368,دمیر,m
3369,دمره,m
3370,دانک,m
3371,دنگھسرتا,m
3372,دانش,m
3373,دانش,m
3374,دقیق,m
3375,دارا,m
3376,درایترتھا,m
3377,درک,m
3378,دریس,m
3379,دراک,m
3380,دارفيش,m
3381,دارويش,m
3382,دارياب,m
3383,دستر,m
3384,دستگیر,m
3385,دستگیر,m
3386,دت,m
3387,دتر,m
3388,داتور,m
3389,داودي,m
3390,دولت,m
3391,داؤد,m
3392,داور,m
3393,داؤد,m
3394,دوار,m
3395,داييم,m
3396,دیان,m
3397,دین,m
3398,دکل,m
3399,دہامین,m
3400,دھمیر,m
3401,دہمیر,m
3402,ذو الفقار,m
3403,ديار,m
3404,دھشور,m
3405,دھیات,m
3406,دلاور,m
3407,دلاور,m
3408,ديلبار,m
3409,دلدار,m
3410,دلشاد,m
3411,دینار,m
3412,دیا,m
3413,دیال دین ,m
3414,دیا الدین,m
3415,دجيمل,m
3416,دوبوک,m
3417,دوراسروں,m
3418,دوست محمّد,m
3419,دون,m
3420,درون,m
3421,درجسکن,m
3422,دعا,m
3423,دغدھووا,m
3424,ڈول,m
3425,دولمه,m
3426,دراب,m
3427,درایدرشتر,m
3428,دُر,m
3429,دُشچترا,m
3430,دُوار,m
3431,عبی,m
3432,عیسٰی,m
3433,احسان,m
3434,إحترام,m
3435,عیسٰی,m
3436,اعجاز,m
3437,اقبل,m
3438,الیاس,m
3439,عماز,m
3440,ایمان,m
3441,ارچ,m
3442,ایرن,m
3443,یرخشا,m
3444,ارزو,m
3445,ارمان,m
3446,عیسی,m
3447,اسفندیار,m
3448,عشان,m
3449,اسمعیل,m
3450,اعتماد,m
3451,اعزاز,m
3452,فاز,m
3453,فضللله,m
3454,فايق,m
3455, فحیل,m
3456,فہم,m
3457,فہیم,m
3458,فاخر,m
3459,فاہمت,m
3460,فہمی,m
3461,فايد,m
3462,فائق,m
3463,فیروز,m
3464,فیض,m
3465,فیضان,m
3466,فیضل انور,m
3467,فجردن,m
3468,فاکاحت,m
3469,فاخارودداولاه,m
3470,فخر,m
3471,فاخیرہ,m
3472,فاخته,m
3473,فخر اد دولہ,m
3474,فخرت,m
3475,فخری,m
3476,فخرالدولح,m
3477,فخرے,m
3478,فاکر,m
3479,فالح,m
3480,فلک,m
3481,فعليه,m
3482,فانی,m
3483,فوزي,m
3484,فقید,m
3485,فقیر,m
3486,فاقر,m
3487,فراست,m
3488,فرادس,m
3489,فرغ,m
3490,فرج,m
3491,فرخ زاد,m
3492,فرامروز,m
3493,فراقلت,m
3494,فاراست,m
3495,فراز,m
3496,فرد,m
3497,فرداتونگھو,m
3498,فرید,m
3499,فریس,m
3500,فارز,m
3501,فرہاد,m
3502,فرحان,m
3503,فرحت,m
3504,فرہت,m
3505,فرید,m
3506,فريدون,m
3507,فارق,m
3508,فريق,m
3509,فارِت,m
3510,فاريز,m
3511,فرجام,m
3512,فرخی,m
3513,فرمدار,m
3514,فرمانلله,m
3515,فرناس,m
3516,فاروق اعظم,m
3517,فاروق,m
3518,فرقدن,m
3519,فرروخ,m
3520,فرخ,m
3521,فرشاد,m
3522,فروغ,m
3523,فاروق,m
3524,فرواه,m
3525,فرزد,m
3526,فرزین,m
3527,فساہت,m
3528,فصاحت,m
3529,فصیح,m
3530,فشتانا,m
3531,فصیح و رحمن,m
3532,فاصل,m
3533,فتا,m
3534,فتن,m
3535,فطین,m
3536,فتح,m
3537,فاتح,m
3538,فاتک,m
3539,فاطن,m
3540,فاطر,m
3541,فاتن,m
3542,فاتُن,m
3543,فواد,m
3544,فواز,m
3545,فوزان,m
3546,فیادح,m
3547,فيك,m
3548,فیصل,m
3549,فياض,m
3550,فیاض,m
3551,فیضل حق,m
3552,فضل,m
3553,فضیل,m
3554,فاضی,m
3555,فزيدن,m
3556,فضل الہی,m
3557,فضلِ رب,m
3558, فعزلهق,m
3559,فازلرب,m
3560,فضل اللہ,m
3561,فضل,m
3562,فریدون,m
3563, فرہاد,m
3564,فرمان,m
3565,فیروز,m
3566,فرزند,m
3567,فدا,m
3568,فدوی,m
3569,فيخار,m
3570,فیلسوفا,m
3571,فیراق,m
3572,فرصه,m
3573,فردوسی,m
3574,فیروز,m
3575,فورود,m
3576,فورود,m
3577,فوز,m
3578,فراختنتہ,m
3579,فراست,m
3580,فرشگارد,m
3581,فراسرتا,m
3582,فروک,m
3583,فروش,m
3584,فرینزاتا,m
3585,فرازنک,m
3586,فرازشتا,m
3587,فشد,m
3588,فودیل,m
3589,فوجئ,m
3590,فُرادا,m
3591,فروغ,m
3592,فرزه,m
3593,فرقان,m
3594,فُرست,m
3595,فُرغ الدین,m
3596,فُطُہت,m
3597,فُواد,m
3598,فیُوزت,m
3599,گبرا,m
3600,گادیل,m
3601,گہبد,m
3602,گلال,m
3603,گامالی,m
3604,گومنت,m
3605,گراگر,m
3606,گرامی,m
3607,گرودمان,m
3608,گرتمان,m
3609,گاسپرد,m
3610,گسپر,m
3611,گاؤ,m
3612,جارج,m
3613,غالب,m
3614,غازی,m
3615,غابط,m
3616,غادف,m
3617,غادی,m
3618,غادر,m
3619,غفار,m
3620,غافرو,m
3621,غفر,m
3622,غائب,m
3623,غایدن,m
3624,غیلان,m
3625,غیث,m
3626,غياث,m
3627,غختل,m
3628,غلابہ,m
3629,غالی,m
3630,غالینُس,m
3631,غلمان,m
3632,غیمازہ,m
3633,غانيم,m
3634,غنیم,m
3635,غانیہ,m
3636,غیران,m
3637,غریب,m
3638,غریزہ,m
3639,غسن,m
3640,غاسف,m
3641,غوثیہ,m
3642,غسمیر,m
3643,غطیم,m
3644,غطریف,m
3645,غور,m
3646,غوثِ اعظم,m
3647,غوانی,m
3648,غاور,m
3649,غیاب,m
3650,غایت,m
3651,غیور,m
3652,غزالي,m
3653,غزلان,m
3654,غضنفر,m
3655,غضارت,m
3656,غزوان,m
3657,غازی,m
3658,غازل,m
3659,غازی الدین,m
3660,غزنوق,m
3661,غزوی,m
3662,غیدان,m
3663,غلیبہ,m
3664,غِرنوق,m
3665,غیات,m
3666,غیاث,m
3667,غیات,m
3668,غوری,m
3669,غوث الاعظم,m
3670,غوفیر,m
3671,غلام,m
3672,غُلُبا,m
3673,غنيم,m
3674,غُرار,m
3675,غپورن,m
3676,غوتيف,m
3677,گیلانی,m
3678,جليم,m
3679,گنٹن,m
3680,غرامي,m
3681,گو,m
3682,جوجال,m
3683,گوہربار,m
3684,گونیش,m
3685,گوشتسب,m
3686,گودرز,m
3687,گوزیل,m
3688,جودا,m
3689,گل,m
3690,گل احمد,m
3691,گل رانا,m
3692,گل مست,m
3693,گل یار,m
3694, گل احمر,m
3695,گل باز,m
3696,گلفام,m
3697,گلتن,m
3698,گنج بخش,m
3699,گشتسپ,m
3700,غزير,m
3701,حادہیر,m
3702,حافظ,m
3703,حاکم,m
3704,حامد,m
3705,حانی,m
3706,حارسه,m
3707,ہارون,m
3708,حاطب,m
3709, حازق,m
3710,حبش,m
3711,هابيل,m
3712,حبيب الله,m
3713,هابيس,m
3714,حدابص,m
3715,حدف,m
3716,ہداس,m
3717,حدبر,m
3718,حداق,m
3719,حادہیر,m
3720,ہادی,m
3721,هاديد,m
3722,حاضر,m
3723,حضرمي,m
3724,حافد,m
3725,حفاوت,m
3726,حافظ,m
3727,ہافد,m
3728,حافظ,m
3729,حفيظلله,m
3730,حئی,m
3731,حیدر,m
3732,ہائل,m
3733,ہائم,m
3734,ہیسم,m
3735,حیثیت,m
3736,ہیزام,m
3737,حاجب,m
3738,حجازی,m
3739,حاجی,m
3740,حاجج,m
3741,ہاجر,m
3742,ہاجس,m
3743,حاجز,m
3744,حجاج,m
3745,ہجویری,m
3746,حکامت,m
3747,حکیم,m
3748,حاکم,m
3749,ہالہ,m
3750,حلیم,m
3751,حالی,m
3752,حلیف,m
3753,حاللاج,m
3754,حلواني,m
3755,حما,m
3756,حمادی,m
3757,حمیل,m
3758,ہمام,m
3759,حماس,m
3760,ہمایوں,m
3761,ہمازات,m
3762,حمد,m
3763,حمديسة,m
3764,حامضي,m
3765,ہمدوش,m
3766,حامد,m
3767,حمدلله,m
3768,حمین,m
3769,هاميس,m
3770,حامی,m
3771,حمیدی,m
3772,حامل,m
3773,ہامیش,m
3774,حمکر,m
3775,حمادی,m
3776,حماد,m
3777,ہمراہی ,m
3778,هامشاد,m
3779,حمزہ,m
3780,حنا,m
3781,هاناش,m
3782,حنیف,m
3783,حانی,m
3784,حنیف الدین,m
3785,حنان,m
3786,ہَنّنا,m
3787,حنوف,m
3788,حنزل,m
3789,هانزهلة,m
3790,حقیق,m
3791,حقی,m
3792,حقاني,m
3793,ہارب,m
3794,ہرن,m
3795,حراز,m
3796,حریف,m
3797,حاری,m
3798,حارم,m
3799,حرِقت,m
3800,حارث,m
3801,ہریت,m
3802,هاريز,m
3803,ہرمُک,m
3804,ہارون,m
3805,ہرار,m
3806,ہارون,m
3807,ہاروستم,m
3808,حسن,m
3809,حسیب,m
3810,حسين,m
3811,حشاش,m
3812,ہاشیم,m
3813,حاشد,m
3814,ہاشمی,m
3815,حشمت,m
3816,ہشوار,m
3817,حاصِف,m
3818,حاسن,m
3819,حسنات,m
3820,حسن,m
3821,حسن,m
3822,حاسهد,m
3823,حاسُن,m
3824,حاتم,m
3825,هاتيب,m
3826,حاتم,m
3827,ہؤمت,m
3828,حسام,m
3829,حوا,m
3830,حواری,m
3831,حاوص,m
3832,حاوز,m
3833,حیات,m
3834,ہیتہم,m
3835,حئی,m
3836,ہییی,m
3837,ہذام,m
3838,حاذر,m
3839,حذیفہ,m
3840,حازق,m
3841,هازیران,m
3842,حزرہ,m
3843,حاذُر,m
3844,ہدایت,m
3845,ہیفا,m
3846,ہلال,m
3847,حقیق,m
3848,ہرمان,m
3849,حیسم,m
3850,حشیم,m
3851,حیدر,m
3852,هيبتلله,m
3853,ہبان,m
3854,ہدایت,m
3855,هديتلله,m
3856,حفظ,m
3857,ہجرت,m
3858,حکمتی,m
3859,هلالي,m
3860,حلّی,m
3861,حلمي,m
3862,حمایت,m
3863,ہیمار,m
3864,حمایت,m
3865,ہِمیار,m
3866,ہندل,m
3867,ہرد,m
3868,ہیسد,m
3869,حِصان,m
3870,ہشام,m
3871,حیازق,m
3872,حزازی,m
3873,ہمایوں,m
3874,ہومن,m
3875,ہوشمند,m
3876,ہورموز,m
3877,حسني,m
3878,حؤد,m
3879,حباب,m
3880,حب,m
3881,حبنُقت,m
3882,حُد,m
3883,حذفه,m
3884,حُدن,m
3885,حُفُل,m
3886,حجيه,m
3887,حُجت السلام,m
3888,حُکم,m
3889,ہمایوں,m
3890,حمیا,m
3891,ہمان,m
3892,حُمت,m
3893,هومايل,m
3894,هومد,m
3895,حُمُر,m
3896,حُنین,m
3897,ھنجُد,m
3898,حريص,m
3899,ہربج,m
3900,حرمت,m
3901,ہُر,m
3902,حُسم,m
3903,حُسین,m
3904,هوسامالدين,m
3905,ہسمودولاح,m
3906,حسامدن,m
3907,حُسانی,m
3908,حسین,m
3909,حُسین,m
3910,ہشیار,m
3911,حُسنی,m
3912,حسین,m
3913,حسنین,m
3914,ہتیافا,m
3915,ہُواجی,m
3916,حوّا,m
3917,حذیفہ,m
3918,هزيل,m
3919,حُزُمت,m
3920,ہُزیا,m
3921,هواس,m
3922,عبادت,m
3923,ابدار,m
3924,ابن,m
3925,يبر,m
3926,ابراہیم,m
3927,ابصان,m
3928,ابتہاج,m
3929,عدالت,m
3930,ادیق,m
3931,عدمس,m
3932,ادریس,m
3933,إيثار,m
3934,افّان,m
3935,إفران,m
3936,افتخار,m
3937,افتخار الدین,m
3938,اِفضال,m
3939,احسن,m
3940,احسان الحق,m
3941,إحترام,m
3942,احتیشام,m
3943,اعجاز,m
3944,إجلال,m
3945,اجتبٰی,m
3946,اخلاق,m
3947,اخلاق,m
3948,إكليل,m
3949,اکرام,m
3950,إكراملله,m
3951,إكسير,m
3952,إلاهي,m
3953,الہی بخش,m
3954,الأن,m
3955,الیاس,m
3956,إلتفت,m
3957,الیاس,m
3958,عماد,m
3959,امام الدین,m
3960,عماد,m
3961,عمادالدين,m
3962,امام الدین,m
3963,امام,m
3964,امان,m
3965,عمد,m
3966,عمرام,m
3967,عمرن,m
3968,امتیاز,m
3969,انعام,m
3970,عنایات,m
3971,عنايتلله,m
3972,انعام,m
3973,عنصر,m
3974,انشال,m
3975,إنتاج,m
3976,انتظار,m
3977,انضمام,m
3978,اقبال,m
3979,عقرت,m
3980,اقتدار,m
3981,عرفان,m
3982,ارشاد,m
3983,ارتضیٰ,m
3984,اسعاد,m
3985,عصام,m
3986,اسد,m
3987,اصبهاني,m
3988,اسحاق,m
3989,اسحاق,m
3990,اِشفاق,m
3991,عشرت,m
3992,اسكافي,m
3993,اسلام,m
3994,اسلام,m
3995,اسماعیل,m
3996,اسماعیل,m
3997,اسرار,m
3998,اسرار,m
3999,عصام,m
4000,استخر,m
4001,عتقه,m
4002,إيثار,m
4003,إتفاق,m
4004,عیاد,m
4005,عزان,m
4006,اذہان,m
4007,اظہار,m
4008,عز,m
4009,عزالدين,m
4010,عززتد,m
4011,يززاتوليسلام,m
4012,عزُدین,m
4013,جابر,m
4014,جاہ,m
4015,جان,m
4016,جاوید,m
4017, جابر,m
4018,جباری,m
4019,جبیر,m
4020,جابر,m
4021,جبر,m
4022,جبران,m
4023,جبروت,m
4024,جادالله,m
4025,جدول,m
4026,جعفاری,m
4027,جعفر,m
4028,جاجم,m
4029,جاهانافيرين,m
4030,جہانگیر,m
4031,جہانزیب,m
4032,جحدر,m
4033,جحفار,m
4034,جاهيز,m
4035,جاهم,m
4036,جحش,m
4037,جائش,m
4038,جل,m
4039,جلال,m
4040,جالالالدين,m
4041,جلال الدین,m
4042,جلید,m
4043, جليله,m
4044,جلین,m
4045,جلیل,m
4046,جالس,m
4047,جمال الدین,m
4048,جمایل,m
4049,جمال,m
4050,جماللدن,m
4051,جمال الدین,m
4052,جماش,m
4053,جمیل,m
4054,جامل,m
4055,جمایل,m
4056,جمیلی,m
4057,جمّل,m
4058,جمشید,m
4059,جمشید,m
4060,جان محمد,m
4061,جندرة,m
4062,جراد,m
4063,جارح,m
4064,جريح,m
4065,جراہ,m
4066,جرلله,m
4067,جاسر,m
4068,جاسم,m
4069,جاسير,m
4070,جسور,m
4071,جسپر,m
4072,جاسور,m
4073,جاول,m
4074,جاوید,m
4075,جاوید,m
4076,جواد,m
4077,جودان,m
4078,جوہار,m
4079,جیالہ,m
4080,جازام,m
4081,جازع,m
4082,جاذب,m
4083,جذول,m
4084,جیدیدہ,m
4085,جہاندار,m
4086,جہاںزیب,m
4087,جیلال,m
4088,جیلال الدین,m
4089,جمال,m
4090,جرجیس,m
4091,جروان,m
4092,جبران,m
4093,جبرائیل,m
4094,جناح,m
4095,جوش,m
4096,جُوبیر,m
4097,جُگنُو,m
4098,جليبيب,m
4099,جوماه,m
4100,جماح,m
4101,جنادة,m
4102,جُنید,m
4103,جورايج,m
4104,جسمه,m
4105,جوين,m
4106,جوزار,m
4107,کعب,m
4108,کامل,m
4109,کاظم,m
4110,کبار,m
4111,کابر,m
4112,کدر,m
4113,كدين,m
4114,قادر,m
4115,قادر,m
4116,کفیل,m
4117,کفیل,m
4118,كاهيل,m
4119,کہلیل,m
4120,کیف,m
4121,کیقاد,m
4122,كج,m
4123,قلب,m
4124,کلب,m
4125,کلیم,m
4126,کلیل,m
4127,کلیم الدین,m
4128,کالق,m
4129,کمال,m
4130,کمبض,m
4131,کامل,m
4132,کامران,m
4133, کمیار,m
4134,کنیز,m
4135,کنیز,m
4136,کانس,m
4137,کارم,m
4138,کرامت,m
4139,کردل,m
4140,کاردار,m
4141,کریم,m
4142,کرم,m
4143,کریم,m
4144,کروبی,m
4145,کرّار,m
4146,کسام,m
4147,کاسیم,m
4148,کشاء,m
4149,کشفی,m
4150,کاشف,m
4151,کاشر,m
4152,کاسم,m
4153,کسول,m
4154,کاسپر,m
4155,کاسم,m
4156,کیثر,m
4157,کاتف,m
4158,کوثر,m
4159,کویہ,m
4160,كياني,m
4161,كايكوس,m
4162,کیون,m
4163,کاظم,m
4164,کہکشاں,m
4165,کینن,m
4166,کغوباد,m
4167,کخیسرو,m
4168,کیون,m
4169,خالد,m
4170,خاطر,m
4171,خازن,m
4172,خبیب,m
4173,خضير,m
4174,خدین,m
4175,خافيز,m
4176,خیر الدین,m
4177,خيرالدين,m
4178,خیر بخش,m
4179,خیر الدین,m
4180,خیر البشر,m
4181,خیرے,m
4182,خجیر,m
4183,خلاف,m
4184,خلاق,m
4185,خلدُون,m
4186,خلیفہ,m
4187,خلیق,m
4188,خالد,m
4189,خالف,m
4190,خلیفہ,m
4191,خلیل,m
4192,خليللله,m
4193,خلیقوس سبحان,m
4194,خالص,m
4195,خلق,m
4196,خانخاناں,m
4197,خانہ,m
4198,خانز,m
4199,خارجه,m
4200,خارق,m
4201,خاصا,m
4202,خشیار,m
4203,خاصع,m
4204,خاشف,m
4205,خطیب,m
4206,خاطب,m
4207,خاطر,m
4208,خطاب,m
4209,خواجہ,m
4210,خاور,m
4211,خواص,m
4212,خیام,m
4213,خیری,m
4214,خیام,m
4215,خیات,m
4216,خدیو,m
4217,خداش,m
4218,خيدر,m
4219,خصال,m
4220,خداداد,m
4221,خوج,m
4222,خؤری,m
4223,خدا بخش,m
4224,خدیش,m
4225,خليدة,m
4226,خلص,m
4227,خرمي,m
4228,خريمة,m
4229,خورشید,m
4230,خوشال,m
4231,خوشنود,m
4232,خشتر,m
4233,خزیمہ,m
4234,خزیمہ,m
4235,خوزن,m
4236,کیا,m
4237,کیانی,m
4238,کیازند,m
4239,کیبریا,m
4240,کبریہ,m
4241,كيفاه,m
4242,کرمانی,m
4243,کیومرس,m
4244,کواکب,m
4245,کورین,m
4246,کرم,m
4247,کلثوم,m
4248,کنور,m
4249,کشنہ,m
4250,لاعیق,m
4251,لابیب,m
4252,لعیق,m
4253,لافظ,m
4254,لہیم,m
4255,لائق,m
4256,لائیس,m
4257,لجپال,m
4258,لال,m
4259,لامع,m
4260,لقانت,m
4261,لاثانی,m
4262,لطافت,m
4263,لاتب,m
4264,لیتح,m
4265,لزیز,m
4266, لہری,m
4267,لیاقت,m
4268,لمعان,m
4269,لزم,m
4270,لوط,m
4271,لفطی,m
4272,لقمان,m
4273,لُت,m
4274,لطفان,m
4275,ماہر,m
4276,معاذ,m
4277,معبود,m
4278,معجود,m
4279,مدانی,m
4280,مادخ,m
4281,مدنی,m
4282,مفتوح,m
4283,محاصر,m
4284,محبوب,m
4285,محدے,m
4286,مہر,m
4287,محفوظ,m
4288,ماح,m
4289,محمود,m
4290,محمود,m
4291,محترم,m
4292,محذورہ,m
4293,معراج,m
4294,مجد,m
4295,مجدُالدین,m
4296,مجدے,m
4297,ماجد,m
4298,مکین,m
4299,مخدوم,m
4300,مکی,m
4301,ملک,m
4302,ملیح,m
4303,مالک,m
4304,مالک,m
4305,ممدوح,m
4306,ممدوح,m
4307,ممنون,m
4308,معمون,m
4309,مناف,m
4310,مناظر,m
4311,منی,m
4312,منافعات,m
4313,مانی,m
4314,منان,m
4315,منصب,m
4316,منصور,m
4317,منصور,m
4318,منظر,m
4319,منظور,m
4320,مقبول,m
4321,مقداد,m
4322,مقسود,m
4323,مراتب,m
4324,مرغوب,m
4325,مرید,m
4326,مرجان,m
4327,معروف,m
4328,مرتاض,m
4329,مروان,m
4330,مرزوق,m
4331,ماسد,m
4332,مسارت,m
4333,مسیح,m
4334,ماشال,m
4335,مشعل,m
4336,مشکور,m
4337,معشوق,m
4338,ماثد,m
4339,مسکین,m
4340,مصلحت,m
4341,مسعود,m
4342,معصوم,m
4343,مسعود,m
4344,مسرور,m
4345,مسطور,m
4346,مسعود,m
4347,مطیع,m
4348,متین,m
4349,مطلوب,m
4350,مودود,m
4351,مولا,m
4352,معوان,m
4353,مایُن,m
4354,مظاہر,m
4355,مظہر,m
4356,میکائیل,m
4357,میراب,m
4358,محبوب,m
4359,محیمت,m
4360,محراب,m
4361,محرم,m
4362,مہرداد,m
4363,مہتاب,m
4364,معراج,m
4365,مرزوق,m
4366,مفتاح,m
4367,میلاد,m
4368,منہاج,m
4369,میر,m
4370,معراج,m
4371,مرزا,m
4372,مصباح,m
4373,مصباح الدین,m
4374,معافر,m
4375,معظم,m
4376,موئید,m
4377,محمد,m
4378,محمت,m
4379,محمد,m
4380,مہلب,m
4381,محسان,m
4382,محسن,m
4383,محتسب,m
4384,محی الدین,m
4385,معین الدین,m
4386,مجتبی,m
4387,مونس,m
4388,موسٰی قائم,m
4389,موراد,m
4390,معتمد,m
4391,موفق,m
4392,معطی,m
4393,معاون,m
4394,موحد,m
4395,مُعمر,m
4396,ماؤث,m
4397,معاویہ,m
4398,مُوید,m
4399,معزز,m
4400,معزم,m
4401,مبلغ,m
4402,مبارک,m
4403,مبشر,m
4404,مبصر,m
4405,مبین,m
4406,مبرا,m
4407,مُدابیر,m
4408,مُداور,m
4409,معید,m
4410,معین,m
4411,مفکر,m
4412,مفضل,m
4413,مفیض,m
4414,مُفلِھ,m
4415,مفتح,m
4416,مفضال,m
4417,مغیث,m
4418,مغیتھ,m
4419,محدث,m
4420,محافظ,m
4421,محمد,m
4422,محمد,m
4423,محمد,m
4424,محاسب,m
4425, محب,m
4426,محشم,m
4427,محتان,m
4428,محتادی,m
4429,محترم,m
4430,معین,m
4431,معز,m
4432,مجدد,m
4433,مجیب,m
4434,مجیز,m
4435,مجتہد,m
4436,مقیم,m
4437,مخلد,m
4438,مختار,m
4439,ممتاز,m
4440,منا,m
4441,منور,m
4442,مُندہر,m
4443,منیف,m
4444,منہمل,m
4445,منعیم,m
4446,مونس,m
4447,منشب,m
4448,منتہی,m
4449,منتضر,m
4450,منذر,m
4451,مُقدس,m
4452,مقبول,m
4453,مقیت,m
4454,مقتدا,m
4455,مُراد,m
4456,مُرید,m
4457,مرسل,m
4458,مُرشد,m
4459,مرتضا,m
4460,مُرطادیع,m
4461,مرتضیٰ,m
4462,مُصالح,m
4463,مستحسن,m
4464,مُصلح,m
4465,مصیر,m
4466,مشاق,m
4467,مشیر,m
4468,مشتاق,m
4469,مُصلح,m
4470,مسلم,m
4471,مثمر,m
4472,مصطفیٰ,m
4473,مستجاب,m
4474,مستقیم,m
4475,مُوطع,m
4476,متعال,m
4477,مُتصم,m
4478,متواکل,m
4479,متبسم,m
4480,مطیر,m
4481,مطی,m
4482,مطلق,m
4483,متقی,m
4484,مُوافق,m
4485,مظفر,m
4486,مزمل,m
4487,مضیف,m
4488,مُزمل,m
4489,ندیم,m
4490,نائب,m
4491,ناجی,m
4492,ناعم,m
4493,نصاہ,m
4494,ناصی,m
4495,ناصک,m
4496,ندیم,m
4497,ناز,m
4498,ناظم,m
4499,نباہت,m
4500,نبح,m
4501,نبیح,m
4502,نبی,m
4503,نبح,m
4504,نبی المالحمش,m
4505,ندبم,m
4506,ندیم,m
4507,نادہر,m
4508,نادم,m
4509,نادر,m
4510,نعیم,m
4511,نعیمان,m
4512,نفیس,m
4513,نافع,m
4514,نفیس,m
4515,ناہی,m
4516,ناحج,m
4517,ناعیب,m
4518,نعیل,m
4519,نعیم,m
4520,نجف,m
4521,نجم,m
4522,نجی,m
4523,نجید,m
4524,ناجیع,m
4525,ناجد,m
4526,نجم,m
4527,نجم الدین,m
4528,ناخل,m
4529,نامدار,m
4530,نمیر,m
4531,ناقد,m
4532,نقی,m
4533,نقاد,m
4534,نقّقاد,m
4535,نقی,m
4536,نریمان,m
4537,نصر,m
4538,نسیم,m
4539,ناصح,m
4540,نشاد,m
4541,ناشط,m
4542,ناصب,m
4543,ناسک,m
4544,ناصم,m
4545,نسون,m
4546,ناصر,m
4547,ناصرالدین,m
4548,نصور,m
4549,نطہر,m
4550,ناتھم,m
4551, ناطق,m
4552,نؤرز,m
4553,نوید,m
4554,نوازش,m
4555,نواف,m
4556,نواز,m
4557,نوایز,m
4558,نوفل,m
4559,نؤرز,m
4560,نواب,m
4561,نیر,m
4562,ناز,m
4563,نزاکت,m
4564,نذر,m
4565,نظیف,m
4566,نذیر,m
4567, ناظم,m
4568,نازش,m
4569,نعمت,m
4570,نزاہت,m
4571,نیاز,m
4572,نبل,m
4573,نہال,m
4574,نجاح,m
4575,نیما,m
4576,نثار,m
4577,نشاط,m
4578,نیاز,m
4579,نیوشا,m
4580,نظام,m
4581,نعمان,m
4582,نور,m
4583,نورلهدا,m
4584,نورُالدین,m
4585,نوشاب,m
4586,نُورالدین,m
4587,نوشزد,m
4588,نُدرت,m
4589,نُومیر,m
4590,نعمان,m
4591,نورالدین,m
4592,نوریل,m
4593,نورالدین,m
4594,مُوصیر,m
4595,نویر,m
4596,عمیر,m
4597,عمری,m
4598,امید,m
4599,عمر,m
4600,امید,m
4601,عُمران,m
4602,اورنگ,m
4603,اسمار,m
4604,عتمان,m
4605,پابست,m
4606,پاگاہ,m
4607,پائندہ,m
4608,پامرد,m
4609,پانڈہ,m
4610,پرہم,m
4611,پارس,m
4612,پرمان,m
4613,پرویز,m
4614,پروان,m
4615,پاشا,m
4616,پیام,m
4617,پیارا,m
4618,پدرم,m
4619,پیر بخش,m
4620,پیروز,m
4621,پرواک,m
4622,پزہمن,m
4623,پیروز,m
4624,پیر زادہ,m
4625,پر دل,m
4626, پزہمن,m
4627,قدیح,m
4628,قائد,m
4629,قاآن,m
4630,قباد,m
4631,قابل,m
4632,قاچار,m
4633,قدیر,m
4634,قدر,m
4635,قدیم,m
4636,قادرین,m
4637,قاہی,m
4638,قاعد,m
4639,قائم,m
4640,قیصر,m
4641,قلندر,m
4642,قلیم,m
4643,قنبر,m
4644,قمقام,m
4645,قمروش,m
4646,قانت,m
4647,قانی,m
4648,قرار,m
4649,قاری,m
4650,قصار,m
4651,قشم,m
4652,قاصب,m
4653,قسیم,m
4654,قاصر,m
4655,قتلق,m
4656,قاطن,m
4657,قوی,m
4658,قیس,m
4659,قیوم,m
4660,قزلباش,m
4661,قاہیل,m
4662,قہیل,m
4663,فسقاس,m
4664,قائد,m
4665,قدس,m
4666,قدوس,m
4667,قلزم,m
4668,قربان,m
4669,قوصے,m
4670,قطابہ,m
4671,قُطب,m
4672,راغب,m
4673,راجیح,m
4674,رمیز,m
4675,رقیم,m
4676,راشد,m
4677,رطیب,m
4678,رازق,m
4679,ربانی,m
4680,ربْ,m
4681,ربیع,m
4682,ربیع,m
4683,رابیح,m
4684,رابغ,m
4685,رد,m
4686,رضٰی,m
4687,رضوان,m
4688,ردی,m
4689,راید,m
4690,راعی,m
4691,رائیس,m
4692,رفاقت,m
4693,رافع,m
4694,رفیق,m
4695,رافع,m
4696,رفیع,m
4697,رافق,m
4698,راغب,m
4699,راغب,m
4700,رحیب,m
4701,رحیم,m
4702,راہی,m
4703,راحم,m
4704,رحمان,m
4705,راہول,m
4706,ریحان,m
4707,رئیس,m
4708,راج,m
4709,رجب,m
4710,راجی,m
4711,رخشاں,m
4712,رکین,m
4713,رمضان,m
4714,رمیض,m
4715,رامے,m
4716,رمیز,m
4717,رامے,m
4718,رمزی,m
4719,رنگیلا,m
4720,رانجھا,m
4721,رقیب,m
4722,راقم,m
4723,رسب,m
4724,راشد,m
4725,رشید,m
4726,راشید,m
4727,رشیدی,m
4728,راسد,m
4729,رسول,m
4730,رسول,m
4731,راتب,m
4732,روشن,m
4733,ریعان,m
4734,ریان,m
4735,رضا,m
4736,رضی,m
4737,رزاق,m
4738,ریبال,m
4739,رہبر,m
4740,رحمن,m
4741,ریزہ,m
4742,ریاست,m
4743,رچرڈ,m
4744,ریدہ,m
4745,رفاقت,m
4746,رفعت,m
4747,راہب,m
4748, ریشاد,m
4749,ریادھ,m
4750,رضوان,m
4751,روحیل,m
4752,روح,m
4753,روشن,m
4754,روستم,m
4755,روباص,m
4756,رکن,m
4757,رشد,m
4758,رشدی,m
4759,سعادت,m
4760,صابر,m
4761,سعد,m
4762,سعادت,m
4763,صاغ,m
4764,صاحب,m
4765,سجاد,m
4766,صالح,m
4767,سلیم,m
4768,صاریہ,m
4769,صباح,m
4770,صباث,m
4771,صبیح,m
4772,صبیح,m
4773,صبغتہ,m
4774,صبیح,m
4775,صابر,m
4776,صابری,m
4777,سچل,m
4778,صداقت,m
4779,صداقت,m
4780,سعادت,m
4781,سدیس,m
4782,سادر,m
4783,صادق,m
4784,سدیم,m
4785,صادر,m
4786,صدری,m
4787,سعید,m
4788,صایل,m
4789,صفا,m
4790,صفان,m
4791,صفدر,m
4792,صافر,m
4793,سفیر,m
4794,صفوان,m
4795,ساگر,m
4796,صغیر,m
4797,سحبان,m
4798,صاحب,m
4799,ساحل,m
4800,ساحل,m
4801,سید,m
4802,سائل,m
4803,سائر,m
4804,سیفی,m
4805,صقیل,m
4806,صیرم,m
4807,سجاف,m
4808,سجیل,m
4809,سجاد,m
4810,سخاوت,m
4811,سخی,m
4812,ساخر,m
4813,شاکر,m
4814,سلامت,m
4815,صلابت,m
4816,صلاح الدین,m
4817,صالح الدین,m
4818,سالامہ,m
4819,سالار,m
4820,صلیل,m
4821,سلیط,m
4822,صالح,m
4823,سلحوف,m
4824,صالف,m
4825,سالک,m
4826,سلیم,m
4827,سلمان,m
4828,سلاست,m
4829,سیم,m
4830,ثمال,m
4831,ثمن,m
4832,سامے,m
4833,صمیم,m
4834,ثمیر,m
4835,سمح,m
4836,سمیع,m
4837,سمیر,m
4838,سمن,m
4839,ثمروز,m
4840,سمطر,m
4841,ثناﺀ اﷲ,m
4842,صندید,m
4843,سنجر,m
4844,ثقہ,m
4845,ثقف,m
4846,ساقی,m
4847,ثاقل,m
4848,ثقلان,m
4849,سردار,m
4850,سرفراز,m
4851,سرفراز,m
4852,ساریہ,m
4853,صارم,m
4854,سرمد,m
4855,سروش,m
4856,سرتاج,m
4857,ثروت,m
4858,ساسان,m
4859, سطوت,m
4860,سعود,m
4861,صواب,m
4862,سید,m
4863,سیف,m
4864,سیف الدین,m
4865,سیار,m
4866,سیماب,m
4867,سحاب,m
4868,صیہم,m
4869,سیف,m
4870,ثقال,m
4871,شادے,m
4872,شاہین,m
4873,شاب,m
4874,شابان,m
4875,شاد,m
4876,شاداں,m
4877,شادی,m
4878,شفاعت,m
4879,شافع,m
4880,شفیق,m
4881,شفیع,m
4882,شفیق,m
4883,شفقت,m
4884,شاہ نواز,m
4885,شہاب,m
4886,شاہان,m
4887,شہباز,m
4888,شاہین,m
4889,شاہد,m
4890, شاہق,m
4891,شاہ جمال,m
4892,شہمیر,m
4893,شہرام,m
4894,شہریار,m
4895,شہروز,m
4896,شاہرخ,m
4897,شہریار,m
4898,شہزاد,m
4899,شہزادہ,m
4900,شاہزور,m
4901,شایدہ,m
4902,شیخ,m
4903,شائق,m
4904,شکیل,m
4905,شاکر,m
4906,شاکو,m
4907,شمل,m
4908,شمیم,m
4909,شامی,m
4910,شہامیر,m
4911,شمشاد,m
4912,شمشیر,m
4913,شان,m
4914,شانی,m
4915,شاپور,m
4916,شرافت,m
4917,شرافت,m
4918,شریف,m
4919,شریف,m
4920,شارق,m
4921,شطیر,m
4922,شاُق,m
4923,شیا,m
4924,شی,m
4925,شیتھ,m
4926,شہریار,m
4927,شمس,m
4928,شیراز,m
4929,شریف,m
4930,شیرن,m
4931,شبلی,m
4932,شیہاب,m
4933,شعیب,m
4934,شُعیب,m
4935,شجاع,m
4936,شجاع,m
4937,شجاعت,m
4938,شُنار,m
4939,سامک,m
4940,ساواش,m
4941,سبطین,m
4942,صدیق,m
4943,صدیق,m
4944,صفات,m
4945,سکندر,m
4946,سینا,m
4947,سراج,m
4948,سراج الدولہ,m
4949,سرہان,m
4950,اسکئے,m
4951,ثوبان,m
4952,صُفیان,m
4953,سہیل,m
4954,سہراب,m
4955,سوروش,m
4956,سبحہ,m
4957,سبحان,m
4958,سبھے,m
4959,صوفی,m
4960,سہیل,m
4961,سہیل,m
4962,سلیمان,m
4963,سلیمان,m
4964,سلیمان,m
4965,سلطان,m
4966,سنبل,m
4967,سعود,m
4968,سید,m
4969,تابش,m
4970,تاجور,m
4971,تامیر,m
4972,طاس,m
4973,تب,m
4974,طبارک,m
4975,تباک,m
4976,طاباری,m
4977,تبسم,m
4978,تب,m
4979,طبیب,m
4980,طابق,m
4981,تبسط,m
4982,تبشیر,m
4983,تائق,m
4984,تفدھڈھال,m
4985,تفضل,m
4986,طہٰ,m
4987,تہامی,m
4988,طاہر,m
4989,تہمسیب,m
4990,طہور,m
4991,تہور,m
4992,طائل,m
4993,طاعم,m
4994,طیفی,m
4995,طائش,m
4996,تجمل,m
4997,تجر,m
4998,تاجیل,m
4999,تخل,m
